MSA_word,count_MSA
أن,2131
إذا,725
إلى,642
أو,575
الآن,522
أيضا,519
ماذا,459
هكذا,444
أنا,405
التي,388
أريد,385
حسنا,374
أعني,321
أنت,296
سيكون,293
إن,290
أنه,283
يجب,254
بالطبع,248
لقد,226
أي,212
أعرف,210
أخي,206
لديك,197
إنه,179
لكي,177
لدي,163
دعونا,156
الأمر,149
يريد,147
يمكنك,144
أحد,140
البدلة,135
أم,133
المرة,130
تلاحظون,130
جميل,128
لديه,106
كثيرا,106
سوف,100
نريد,100
أكثر,100
أخرى,99
قليلا,99
إنها,99
ربما,97
أنني,94
ستكون,93
هيا,92
لأنه,91
هؤلاء,91
الأمور,90
أجل,90
أين,89
أنك,88
أفضل,86
اللعبة,85
إلينا,83
أقول,80
بالإضافة,80
أتوقع,79
لديكم,79
لأن,78
واحدة,78
ترون,77
لذا,75
أحيانا,74
أنها,69
وإذا,68
وأنت,65
الساعة,64
ولم,63
الأولى,63
الكثير,63
جيدا,62
وليس,62
سنة,61
العجلة,60
الأول,59
جيدة,58
الخاصة,58
جميلة,56
أصبح,56
ولدينا,55
دعنا,54
أحب,53
لنرى,53
وهذه,53
وأنا,52
انتهى,51
منذ,51
إلا,51
نأتي,51
اذهب,50
وهناك,49
لكنني,49
أبو,49
أذهب,48
أشعر,48
أستطيع,47
يأتي,47
أرى,47
شخصا,47
شدة,47
نبدأ,46
سيظهر,46
توجد,45
بالتأكيد,45
النهاية,44
إخوان,44
أيام,43
أشياء,43
ثلاثة,43
رأيكم؟,43
الحزمة,42
هذا؟,41
أنتم,41
تذهب,41
أصبحت,41
أننا,41
نعود,41
أعتقد,41
كنتم,40
رسالة,40
ألف,40
سيتم,39
يتحدث,39
غدا,39
مهمة,39
واحدا,39
حزمة,39
نهاية,39
الشعبية,39
ألا,38
الرقصة,38
أفعل,37
القرآن,37
المهمة,37
انظروا,37
دعني,37
تحتاج,36
لاحظتم,36
تصبح,35
والآن,35
لا؟,35
سيحدث,35
لأنني,35
تأثير,35
أليس,35
رأيكم,35
تأتي,34
أقسم,34
الثالثة,34
بأس,34
أما,34
يمكنني,34
لديهم,34
جديدة,34
أشخاص,33
فترة,33
أبدا,33
الذهبية,33
ترون؟,32
كلمة,32
عجلة,32
أتمنى,31
أعمل,30
وإن,30
نرى,30
ساعة,30
بدلا,30
الضربة,30
أستاذ,29
إليه,29
تحدث,29
عملة,29
فإن,28
يمكننا,28
جميعا,28
لكنها,28
أكبر,28
أردت,28
يمكنكم,28
الضروري,28
بدأ,28
القادمة,28
الأسلحة,28
خطأ,27
آه,27
أربعة,27
تريدون,27
الآن؟,27
نضع,27
متوفرة,27
أعزائي,27
السنة,26
الإطلاق,26
هكذا؟,26
تريده,26
تتحدث,26
الموجودة,26
سأقوم,25
الأخيرة,25
الأرض,25
عشرة,25
وهكذا,24
كهذا,24
وضعت,24
تصل,24
تستطيع,24
سأعطيكم,24
أتحدث,24
فكرة,24
يوما,24
الرأس,24
نخرج,24
عذرا,23
ذهبت,23
لكني,23
أنهم,23
رأيت,23
أولا,23
الفائدة,23
لأجل,23
لأجلكم,23
أخ,22
ليرة,22
فإذا,22
هنا؟,22
لأنها,22
سيأتي,22
يسمى,22
سيارة,22
الفتاة,22
أهم,22
ذلك؟,21
فتاة,21
أحدهم,21
يتعلق,21
لماذا؟,21
أخبرتكم,21
الحصول,21
ترغب,21
الإسلام,21
بإذن,21
ماذا؟,21
يعود,21
الخانة,21
ضربة,21
أعلم,20
أحضر,20
بأنه,20
صلاة,20
أربع,20
أمر,20
الذهاب,20
إلي,20
أقل,20
إليك,20
لكننا,20
إما,20
أسطوري,20
مجانية,20
شعبية,20
يحتاج,19
يمكنه,19
الجمعة,19
الجميع,19
الفكرة,19
التالي,19
لأنك,19
ستظهر,19
وآخر,19
جميلا,19
أحدا,18
إذن,18
إضافة,18
إياها,18
قمنا,18
وكما,18
تضع,18
الأفضل,18
إليها,18
ببساطة,18
أردتم,18
كذلك؟,18
ولكنه,18
نتحدث,18
كثيرة,18
أنصحكم,18
إم,18
ستنزل,18
رقصة,18
أبي,17
يأخذ,17
أعود,17
أضع,17
قصة,17
لكنك,17
أمي,17
تجد,17
ويمكنك,17
بأن,17
الحقيبة,17
للأعزاء,17
سينزل,17
الميزة,17
البطاقة,17
ترغبون,17
الحقيقة,16
اللحظة,16
نصيحة,16
أقوم,16
تلك,16
القيام,16
نفعل؟,16
أجد,16
يزال,16
يحتوي,16
أفعل؟,16
عدة,16
إطار,16
ابنتي,16
امرأة,16
الأساس,16
يده,16
تفعل؟,16
ضع,16
مهما,16
لاحقا,16
وسوف,16
لعيني,16
أصلي,15
وبعد,15
صحيحة,15
الجيد,15
يرام,15
الدائرة,15
الإضافات,15
نذهب,15
أخذ,15
يرغب,15
وعندما,15
يستحق,15
أمك,15
سأخبركم,15
تبدأ,15
الخريطة,15
سأحاول,15
ميزة,15
إعجابات,15
سورية,14
وتقول,14
الرابعة,14
ينبغي,14
نحتاج,14
إليكم,14
بالكامل,14
تأخذ,14
الأعلى,14
بدأت,14
بداية,14
ستحصل,14
يومية,14
الجديدة,14
الدراجة,14
تجربة,14
الشريعة,14
الجامعة,14
أعد,14
الباقة,14
للأسف,14
سنحصل,14
الأكواد,14
الفتح,14
الإنجاز,14
الإمداد,14
إنني,13
أصدقائك,13
مختلفة,13
أكون,13
جالسا,13
أشخاصا,13
حسنا؟,13
أحاول,13
لأننا,13
أنا؟,13
وأريد,13
فأنت,13
فلن,13
بساطة,13
الأخير,13
الأساسي,13
أفكر,13
أمه,13
صديقي,13
أخبركم,13
تريدها,13
أصدقائي,13
المرأة,13
وأنتم,13
أنكم,13
إياه,13
الإطار,13
وأتوقع,13
المجانية,13
إنجاز,13
وجهة,13
قنبلة,13
العودة,12
أسبوع,12
أراد,12
بطريقة,12
اثنان,12
فائدة,12
فقال,12
تسير,12
لديها,12
ونرى,12
وأحيانا,12
الجانب,12
الآخر,12
بينما,12
تشعرون,12
لأرى,12
معينة,12
رأيتم,12
الإمكان,12
الشاشة,12
سنقوم,12
أحصل,12
بيننا,12
لحظة,12
تريدين,12
رأس,12
يقل,12
أمس,12
الكلمة,12
تتحسن,12
الأساسية,12
وبصراحة,12
يشتاق,12
متوفر,12
الزلاجة,12
المعركة,12
سننتقل,12
تجاوز,12
أعجبني,12
يأتون,11
أرسل,11
الأخ,11
أمام,11
للمرة,11
أملك,11
ليسوا,11
تتعلق,11
المتكاملة,11
أعلى,11
بعيدا,11
التكييف,11
أتيت,11
اسمه؟,11
أفتح,11
حالة,11
منطقة,11
وحدة,11
تحدثت,11
الاستفادة,11
والذي,11
إنهم,11
أبا,11
الآخرين,11
يجلس,11
الطعام,11
أخرج,11
الجنة,11
لأنهم,11
نستطيع,11
أنزل,11
خرجنا,11
والتي,11
أسماء,11
المساكن,11
الإضافة,11
سأشرح,11
خريطة,11
ستصدر,11
أسطوريا,11
لنضرب,11
فتحة,11
الألوان,11
التجاوز,11
سنجرب,11
الإنسان,10
سوى,10
لكنهم,10
الله؟,10
الأستاذ,10
وأقول,10
يتحدثون,10
ابق,10
مضى,10
واضحا,10
الواقع,10
أقصد,10
دقيقة,10
الأسفل,10
ولكنني,10
المحتمل,10
دع,10
أبدأ,10
أنواع,10
تحتوي,10
بنسبة,10
أريده,10
الفتحة,10
تستحق,10
سيعود,10
الأيام,10
يحبون,10
أيها,10
مسألة,10
الأولياء,10
بينكم,10
الرسالة,10
أخطأت,10
إنسان,10
القصة؟,10
الخطبة,10
جماعة,10
يصل,10
العشرة,10
وبالنسبة,10
سنرى,10
العادية,10
مجموعة,10
شركة,10
الأصدقاء,10
إس,10
الجولة,10
سأفتح,10
أعجبكم,10
أجلكم,10
ذهبية,10
بحركة,10
بقيمة,10
بالأحرى,10
أهلا,9
تشاء,9
ستجد,9
أدعو,9
أيضا؟,9
أعتذر,9
أهل,9
وذهب,9
تبدو,9
تريد؟,9
هدية,9
القبيل,9
أوضح,9
أخاف,9
بشأن,9
أعطيك,9
أريدك,9
لك؟,9
عائلة,9
أقدم,9
أشهر,9
متاحا,9
قائلا,9
رائعة,9
يقوله,9
والعشرين,9
فأنا,9
انتهت,9
العائلة,9
أب,9
عالية,9
مؤقتة,9
ستعود,9
الأسئلة,9
لأول,9
وبالطبع,9
ولن,9
المزاج,9
العديد,9
المرحلة,9
بأول,9
الخدعة,9
الفترة,9
الخوذة,9
لعبة,9
تريدونها,9
ستفتح,9
القنبلة,9
الأخضر,9
إطارا,9
سأجرب,9
عبارة,9
لننتقل,9
الصفحة,9
أسطورية,9
شهادة,8
زيادة,8
بحاجة,8
أخبرك,8
تزال,8
أضغط,8
سأضع,8
سأعود,8
بمعنى,8
أدخل,8
أريدها,8
رغم,8
أقوى,8
بالفعل,8
نزيل,8
آخذ,8
مثلما,8
سأعطيك,8
بينهم,8
سأذهب,8
تأكد,8
المستحيل,8
لنبدأ,8
الأهم,8
تحسينها,8
وسيكون,8
المعقول,8
الإخوة,8
أنت؟,8
دعه,8
عرفة,8
وربما,8
أخي؟,8
يبدأ,8
يعني؟,8
أشرب,8
وأيضا,8
أصلا,8
ألعب,8
الجلسة,8
يجعل,8
الدورة,8
سأخبرك,8
ضعيفا,8
ويريد,8
أحمل,8
سريعة,8
الزوجة,8
مساء,8
وضعوا,8
هي؟,8
لنفسك,8
وقل,8
جلسة,8
نفعل,8
ابنتك,8
أعطيكم,8
الحياة,8
جديدا,8
بدأنا,8
أكمل,8
الإنترنت,8
أتذكر,8
السماعة,8
القديمة,8
الطاقة,8
شرحا,8
سنحاول,8
قابلة,8
القناة,8
فلنجرب,8
أنصحك,8
نصل,8
مضمونة,8
التالية,8
ندخل,8
عادية,8
تريدونه,8
الدولة,8
يعجبني,7
جمعة,7
ورقة,7
أمامك,7
بالخجل,7
يسأل,7
جئت,7
أينما,7
دعوني,7
الأرجل,7
مكيف,7
أسهل,7
لنضع,7
سأفعل,7
تحتاجون,7
تلاحظون؟,7
وضعتها,7
صحيح؟,7
ذو,7
الأقل,7
له؟,7
عادة,7
أني,7
فهناك,7
وتريد,7
للعمل,7
تسبب,7
تعطيك,7
هاتين,7
فماذا,7
المزيد,7
بارك,7
استخدام,7
نريدها,7
دائمة,7
شخصية,7
كمية,7
ترقيات,7
أنهيت,7
بعشرة,7
أقرأ,7
يحدث؟,7
محرم,7
تأخذني,7
الأولاد,7
أفهم,7
مقبولة,7
يفعل؟,7
سهلا,7
يأكل,7
أنهينا,7
ألم,7
أجمع,7
بكلمة,7
الألف,7
الأسد,7
الصباح,7
سيئا,7
الأب,7
كثرة,7
أعطه,7
إله,7
أتمكن,7
نأخذ,7
صغيرة,7
يريدها,7
الخطأ,7
أسأل,7
أختي,7
من؟,7
يهمني,7
لأحد,7
يمكنهم,7
أتزوج,7
أصدقائه,7
أحضروا,7
وكذلك,7
الثلاثة,7
اذهبوا,7
سيصبح,7
لأي,7
القيمة,7
فتحها,7
بالخطأ,7
الإنجازات,7
تحبون,7
أسلحة,7
أصدرت,7
إصداره,7
فكما,7
وعندنا,7
الهوية,7
أختار,7
مسابقة,7
مباراة,7
تخطى,7
يهمنا,7
أخرجنا,7
أصور,7
الألعاب,7
حسابا,7
سينزلون,7
الأعزاء,7
حقيبة,7
الإلكتروني,7
سنضرب,7
أعزاء,7
ثوان,6
الخامسة,6
الفور,6
ستصبح,6
يرسل,6
صادقا,6
كافيا,6
أعطني,6
كأس,6
أحفظ,6
أستفيد,6
مرحلة,6
الورقة,6
للتو,6
ملاحظة,6
وضعته,6
يذهبون,6
لنفسي,6
تضعها,6
تحدثنا,6
وأرى,6
جاهزة,6
الأكثر,6
أعطاني,6
أرضي,6
أود,6
يهم,6
الممكن,6
إحضار,6
المفترض,6
أنتم؟,6
أتكلم,6
أترك,6
اليومية,6
البسيطة,6
يونيو,6
فجأة,6
دقة,6
حاجة,6
أحدكم,6
يؤثر,6
تعرفه,6
جميعهم,6
أعيش,6
آكل,6
مفتوحا,6
إني,6
فرصة,6
لفترة,6
جالسون,6
إياهم,6
الكعبة,6
ويوجد,6
ويبدو,6
يشبه,6
أرغب,6
يعودوا,6
بمفرده,6
تقرأ,6
التحدث,6
عليه؟,6
سنعود,6
نحضر,6
أظهر,6
تأكل,6
أسرع,6
إحدى,6
قادم,6
الأطفال,6
أناس,6
لشراء,6
جلست,6
منه؟,6
تعلمون,6
آسف,6
طويلة,6
وفقا,6
إشارة,6
يضعون,6
صفحة,6
المتعلق,6
القدرة,6
مالا,6
وجدنا,6
ثانيا,6
آتي,6
أخا,6
يجلب,6
كأنه,6
باقة,6
كفى,6
توقفت,6
تتذكر,6
إعجاب,6
لنقل,6
سينتهي,6
زال,6
ونقوم,6
عملية,6
وبالتأكيد,6
طويلا,6
وأول,6
استخدامها,6
أفتحه,6
مساكن,6
الإعجاب,6
الأحمر,6
يرغبون,6
تذكرون,6
المشاركة,6
المباراة,6
وخاصة,6
وندخل,6
مميزا,6
معركة,6
كيفية,6
ستحصلون,6
الفعالية,6
خوذة,6
إكس,6
سيكونون,6
القناص,6
القابلة,6
أكواد,6
معلومة,6
سيبدأ,6
محاولات,6
الانتقال,6
المرة؟,6
الباقات,6
الأحداث,6
المجيدة,6
مظهرها,6
أشكال,6
الطائرة,6
العاشرة,5
يعتقد,5
ستتحسن,5
سيفتح,5
راضيا,5
إليهم,5
الدعوة,5
استخدامه,5
لي؟,5
للذين,5
بدأوا,5
تستمع,5
علامة,5
الإمام,5
رؤية,5
أجلس,5
شرطا,5
تروا,5
ألاحظ,5
المكيف,5
القليل,5
سترون,5
واضحة,5
باستثناء,5
سيعطيك,5
وأن,5
أمورنا,5
الأرضية,5
ولهذا,5
أرفع,5
قويا,5
فارغة,5
الاستمرار,5
المجموعة,5
أربعين,5
جلبت,5
أرض,5
أقوله,5
أجلك,5
أهمية,5
أكن,5
تشغيله,5
هذين,5
تحتها,5
متأكدا,5
الشكل؟,5
متاحة,5
أتأكد,5
الأجهزة,5
أسفل,5
أخبرتك,5
أبقى,5
أخذت,5
الفرصة,5
قائمة,5
أمريكا,5
الحدث؟,5
سأشرحها,5
أجمل,5
تتذكرون,5
الأسبوع,5
ترتدي,5
وأصبح,5
وبدأوا,5
خاطئ,5
أحببتها,5
وهؤلاء,5
الجلوس,5
فضلك,5
أريد؟,5
يرسلون,5
محرما,5
المعصية,5
أنفسنا,5
تجلس,5
حراما,5
سأخرج,5
ولدا,5
شيخا,5
تريدني,5
العيادة,5
انتظر,5
أضحك,5
الجهد,5
يقرأ,5
سيقول,5
ودعونا,5
خطيئة,5
توزيع,5
تقومون,5
محاضرة,5
الأبيض,5
الأمر؟,5
رأى,5
صدقة,5
يمكنها,5
طوال,5
كتابة,5
قامت,5
تظن,5
تستيقظ,5
بك؟,5
أموت,5
ستأتي,5
ابنة,5
ولدي,5
يستطيعون,5
الخطوبة,5
صالحا,5
بها؟,5
للحصول,5
صالحة,5
سألته,5
وترى,5
إخواني,5
أعطيه,5
ضعه,5
تستخدم,5
حالك؟,5
عائشة,5
رأيك,5
إطلاقا,5
إيمان,5
أبحث,5
الكتابة,5
اسمك؟,5
استمع,5
الآيات,5
فعندما,5
تنوي,5
ماء,5
أحمد,5
ظاهرة,5
نحب,5
ظهرا,5
أساسا,5
بقية,5
أشتري,5
مليونا,5
الأصل,5
والثالثة,5
قديمة,5
الخلف,5
أر,5
أحبه,5
يصدر,5
الإعلان,5
فهذه,5
رائعا,5
أرنا,5
أريكم,5
النارية,5
بالبدلة,5
سأستعرض,5
الصراحة,5
الأشكال,5
كريستالة,5
تأثيرات,5
مميزة,5
للبدلة,5
ستشاهدون,5
سأختار,5
سنفتح,5
آب,5
ترونها,5
مدة,5
مهتما,5
السابقة,5
الأصفر,5
منصة,5
يعرفها,5
الأشخاص,5
إرسال,5
يصلكم,5
صندوقا,5
المقلاة,5
السرعة,5
أضافوا,5
السلم؟,5
سنضع,5
جولة,5
تفعلها,5
لنجرب,5
تام,5
مكررة,5
أنشر,5
مختلفا,5
تتمكنوا,5
أفتحها,5
دراجة,5
أفريقيا,5
نسخة,5
فضية,5
أجرب,5
تمام؟,5
العربية,5
أعرفه,4
أرد,4
أحيان,4
وأردت,4
التوقف,4
لدى,4
بتسجيل,4
يحبها,4
أحتاج,4
أستطع,4
يقومون,4
يتصل,4
اجلس,4
بالمناسبة,4
ستستفيد,4
أنفسكم,4
ملتزما,4
واحدة؟,4
لوضع,4
ينظف,4
الفليكس,4
هكذا؛,4
وستكون,4
أنظف,4
سنأتي,4
أمشي,4
المشي,4
وتبدأ,4
شباب؟,4
أسود,4
حذرا,4
الأداة,4
أزلت,4
سأبدأ,4
تضررت,4
كأن,4
أمورك,4
لنحاول,4
اللوحة,4
أزيل,4
للغاية,4
الرغم,4
الدرجة,4
ضرورية,4
الناحية,4
لنذهب,4
بحسب,4
هنا؛,4
درج,4
أضيف,4
وأكثر,4
البشر,4
أثناء,4
تدع,4
الأنواع,4
ثان,4
للأشياء,4
الغرفة,4
وبدأ,4
أخبرني,4
ونضع,4
سنذهب,4
يتعرض,4
أمامي,4
الأرضي,4
بديلا,4
أرسلوا,4
وأقوم,4
للتأكد,4
المشكلة؟,4
فرقا,4
تتصل,4
بخمسة,4
وضعوها,4
استمر,4
شيء؛,4
قصيرة,4
جاهزا,4
أجرا,4
الوصول,4
غدا؟,4
شابا,4
يتبق,4
دعوة,4
تدعو,4
ولديكم,4
صوتية,4
التجارة,4
رأيته,4
ويأتون,4
أخطأ,4
أموالك,4
ستحدث,4
الجميلة,4
عاما,4
حياتي,4
لتقديم,4
أخبار,4
يخافون,4
ويشرب,4
الوضع؟,4
ويذهب,4
ولديك,4
تجلب,4
القيادة,4
الشهادة,4
لهم؟,4
أرجوك,4
عسى,4
جلب,4
الهدية,4
ستجده,4
جزءا,4
أدرس,4
الطريقة؟,4
وستعود,4
حوله,4
الذاتية,4
يكتبون,4
زحمة,4
الحافلة,4
بركة,4
فالأمر,4
الأحاديث,4
مكالمة,4
وأصبحت,4
تلقاء,4
جلابية,4
ليتك,4
يجلسون,4
تعني؟,4
أمها,4
فقالت,4
تملك,4
وواحدة,4
كلية,4
أستاذا,4
يقف,4
تتطلب,4
المقدمة,4
سيتحول,4
فيها؟,4
آيات,4
أبوك,4
غنية,4
مطيعة,4
تذهبي,4
وتحتاج,4
بماذا,4
أهلك,4
عدنا,4
أسبوعين,4
والسلام,4
فتحتها,4
منتصف,4
والأخوات,4
الأمور؟,4
إنهاء,4
أهلها,4
بذلك؟,4
معا؟,4
أحمر,4
لرؤية,4
وانظر,4
المدرسة,4
المحاضرة,4
الأخرى,4
وكأنني,4
إنسانا,4
سعيدا,4
تسأل,4
والثانية,4
تعتبر,4
سمحتم,4
سنكتب,4
تنجز,4
الفتيات,4
أجله,4
المسألة,4
الامتحان,4
الصلاح,4
ممتازا,4
الصداقة,4
إضافية,4
والأم,4
الاختيار,4
مسلما,4
غريبا,4
مكتوبة,4
والدتها,4
أحببت,4
لأخذ,4
التحمل,4
المعتادة,4
ستقوم,4
عادت,4
القيامة,4
فسوف,4
صعبا,4
الحفلة,4
يأتيني,4
ليصبح,4
مسؤولا,4
طبيعية,4
سأكون,4
ويبدأ,4
تشبه,4
بأنك,4
أمور,4
الرئيسية,4
انتظروا,4
قادرا,4
لنعد,4
حاضرة,4
بالأمس,4
أخذها,4
معصية,4
أمامكم,4
خفيفة,4
كفيفة,4
نائم,4
ذهبوا,4
شراؤها,4
وكأنه,4
تظاهر,4
يغفر,4
طاقة,4
المدينة,4
يقال,4
أماكن,4
الأحيان,4
بضعة,4
المتعلقة,4
بقوة,4
هما,4
تخف,4
آلاف,4
الحلوى,4
يصح,4
تحل,4
أردنا,4
بوجود,4
الأماكن,4
نراك,4
أصدقاء,4
أعجبتني,4
لدي؟,4
أدهشني,4
سأعيد,4
الأموال,4
وبالإضافة,4
خاصا,4
تحصلون,4
المضمونة,4
سنكون,4
مملا,4
أهلنا,4
ستصل,4
سأستعرضه,4
المركبة,4
يسمونها؟,4
أعجبتكم,4
فئة,4
الأضحى,4
لنقوم,4
سلاحا,4
طلقة,4
وتلعب,4
إصدار,4
التغيير,4
قابلا,4
تختارون,4
ونعود,4
مضمونا,4
أغلبكم,4
مقطعا,4
للدراجة,4
معظمكم,4
بشدة,4
الأسماء,4
لنكمل,4
صدرت,4
رأيتموها,4
التجريبية,4
حصلتم,4
اعتمادات,4
قناة,4
الثلجية,4
للأسلحة,4
الغنيمة,4
قليلة,4
أرخص,4
لأجلي,4
لأشرح,4
بأقل,4
تكلفة,4
أبريل,4
جائزة,4
ستعرفون,4
بالأساس,4
يعتمد,4
أهمها,4
تتوقعون,4
فلنضرب,4
نطيل,4
ونأتي,4
خانة,4
الضعيفة,4
إذنك,4
بتحميل,4
الدقة,4
سنغير,4
ستجدون,4
لدينا؟,4
جوهرة,4
الرئيسي,4
بالشعبية,4
وظهرت,4
الليرة,4
وصلتني,4
مشاهدة,4
بضربة,4
المشتركة,4
يسجل,3
الهداية,3
بخلاف,3
الله؛,3
درسا,3
سأقول,3
أؤذي,3
للخروج,3
للعودة,3
وأفضل,3
أخطئ,3
أرتكب,3
أخبره,3
أصغر,3
قادمون,3
صديقا,3
ولماذا,3
تأت,3
اللغة,3
الإنجليزية,3
فهل,3
إلهي,3
بشخص,3
المجيء,3
رأيك؟,3
ينطبق,3
أرادت,3
يحفظك,3
اللواتي,3
نأكل,3
أنهى,3
المئة,3
وإلى,3
أطرح,3
الشبل,3
خمسون,3
بالقصدير,3
دعها,3
سنبدأ,3
يوضح,3
حلا,3
معي؟,3
ستنجح,3
خارجا,3
ثلاثمئة,3
يمينا,3
أعيد,3
سماكة,3
أريك,3
وتذهب,3
فشيئا,3
انهض,3
بتركيب,3
كأنها,3
يلزم,3
بتعديل,3
وليست,3
مهاراتك,3
المقاومة,3
سنجربها,3
نظيفا,3
الأداء,3
تذهبون,3
لدرجة,3
الأي,3
بفحص,3
تحتاجه,3
أراها,3
التأكد,3
أجهزة,3
الآيفون,3
بينها,3
أضعه,3
بتثبيت,3
تعكس,3
إدارة,3
الفوضى,3
إعادة,3
توقعته,3
أصنع,3
بتغييره,3
أقرب,3
للمشكلة,3
المعالجة,3
المركزية,3
وأين,3
لنأخذ,3
الطابق,3
شاحنا,3
وأجرب,3
لنعود,3
أطول,3
وأضع,3
بي؟,3
وأعرف,3
الأسود,3
ووضعت,3
واجهة,3
المستخدم,3
النسبة,3
ضوء,3
تأخرت,3
تعالوا,3
تذكرة,3
بسببك,3
إجازة,3
رؤيته,3
تتدخل,3
غاضبا,3
سار,3
معكم؟,3
البارحة,3
إننا,3
مكافأة,3
الطرد,3
بالنسخة,3
اجمعوا,3
عزيزي,3
قرارا,3
أخذته,3
أبيه,3
الرياضية,3
لتأخذ,3
قوة,3
أره,3
الأخلاق,3
يختلف,3
حيثما,3
يستيقظ,3
إخوتي,3
تبلغ,3
السنوات,3
والرابعة,3
أخبر,3
قلل,3
أحدث,3
عادلا,3
يغلق,3
تركه,3
مجديا,3
أذنت,3
ركعة,3
سينجح,3
ليتني,3
قلق,3
المرء,3
المحرم,3
لسنوات,3
لفتح,3
وجدته,3
وأخوه,3
أولياء,3
وأداء,3
رحمة,3
موجودون,3
لسداد,3
الخدمة,3
وحدك,3
يعرفه,3
احتفظ,3
اصبروا,3
خدمة,3
إجراء,3
العقد؟,3
أخوك,3
ينتظر,3
وحدها,3
يهمهم,3
الكلام؟,3
الأعمال,3
إخوته,3
أوقات,3
تريدين؟,3
يأكلون,3
السادس,3
توبة,3
أوامر,3
رب؟,3
وسجل,3
تعمل؟,3
عالما,3
للقرآن,3
أزمة,3
الأزمة,3
استيقظ,3
ولكنك,3
الأوراق,3
أعطاك,3
تتزوج؟,3
كوني,3
وتزوجت,3
سألت,3
إنجاب,3
زوجة,3
إعداد,3
الخاطئة,3
إخوة,3
الزوجية,3
أخوة,3
القراءة,3
الصحابة,3
المسؤولية,3
منزله,3
واحضر,3
يعاني,3
تحذر,3
خدعة,3
فإنه,3
الأدب,3
أيديكم,3
أخوه,3
حذفه,3
راتبي,3
وتصبح,3
ونريد,3
تتأخر,3
وأشياء,3
العامة,3
خبرة,3
الأخطاء,3
أعطنا,3
أنوي,3
أعني؟,3
أكتب,3
المفيد,3
ننتهي,3
فصاعدا,3
للشهر,3
والدتي,3
وتضع,3
بجانبك,3
تخص,3
زوجا,3
تحبها,3
الدراسة,3
سيقولون,3
ورفعة,3
لتصبح,3
لمثل,3
مكانة,3
التاسع,3
المجالس,3
رأت,3
الناس؛,3
أمير,3
أخرى؟,3
اسمها؟,3
أولادي,3
بقليل,3
أريدهم,3
الصالة,3
شجرة,3
بناء,3
وأبوه,3
مقبولا,3
اذهبي,3
إخوتنا,3
متزوجة,3
أوافق,3
تخبر,3
العمرة,3
نغلق,3
نصفهم,3
وتعود,3
الجملة,3
مخطئ,3
عطلة,3
ابنتنا,3
خجول,3
العشرة؟,3
السيدة,3
أصبحوا,3
أعوذ,3
قادمة,3
ووالدتي,3
سيحدث؟,3
الأخوات,3
بإجراء,3
ستقول,3
سترى,3
عشا,3
أسرة,3
لأعرف,3
يبق,3
وكأنها,3
المكالمة,3
يسمح,3
رؤيتها,3
أخوات,3
معقولا,3
خائف,3
اقرأ,3
مرتبة,3
أستيقظ,3
أعطيها,3
أتعب,3
تحية,3
سأساعدك,3
به؟,3
متفقون,3
الرأي,3
يتبقى,3
الإنفاق,3
ليأتي,3
برغبة,3
تابع,3
رفعت,3
انتقلت,3
الشيء؟,3
الخبر,3
الأغراض,3
أمانة,3
انضموا,3
لسيارة,3
ضعها,3
وصحيح,3
وأمه,3
الأسر,3
تفسد,3
الورق,3
شديدة,3
بالأمر,3
يسير,3
تؤثر,3
ينفع,3
يسألك,3
مزرعة,3
فأصبح,3
أجر,3
استفدنا؟,3
أباك,3
أخذه,3
مهرا,3
أتي,3
نتمسك,3
الحي,3
نسأل,3
مكة,3
ويذكر,3
حدث؟,3
صلة,3
صامتا,3
أمامه,3
أمرا,3
معلما,3
يأخذون,3
ومرة,3
تأتيني,3
ابحثوا,3
يتضمن,3
الأربعة,3
الثلاجة,3
تقم,3
العبادة,3
لعدة,3
أختا,3
لاعبا,3
أموالي,3
أجزاء,3
أراكم,3
تصلك,3
يشاء,3
حبة,3
أسلم,3
النظارات,3
يسألني,3
حقيقة,3
تتمكن,3
وكأن,3
وظهر,3
الأكل,3
الراحة,3
أنام,3
ليلة,3
قائلين,3
ينهي,3
اقترب,3
للصلاة,3
تجاه,3
وتأخذ,3
تلقى,3
ويقولون,3
فيقول,3
الإيمان,3
السلامة,3
أجده,3
بحلول,3
بعيدة,3
غضبه,3
رحل,3
لترى,3
سرا,3
العملية,3
يزعج,3
وجبة,3
يأتيك,3
تسر,3
ننجح,3
يحقق,3
أرني,3
أخسر,3
الأمس,3
وطاقية,3
تأمين,3
أعطاه,3
سأأتي,3
الأمام,3
ويعمل,3
الأواني,3
مناسبا,3
تحديد,3
معنا؟,3
يعطونك,3
سعداء,3
والسنة,3
الأعداء,3
لكم؟,3
أعطوني,3
الدفعة,3
يتأثر,3
أتى,3
وراء,3
أتركها,3
ولست,3
ستنتهي,3
شحنه,3
وسأعطيكم,3
أستخدم,3
المتوفرة,3
الأردن,3
الأدوات,3
الأسعار,3
البضاعة,3
أخبروني,3
البصمة,3
ونبدأ,3
الآي,3
هذه؟,3
وبهذه,3
مبكرا,3
المكافآت,3
مملوكة,3
بعدما,3
فجرا,3
الأحجية,3
يخص,3
السكر,3
الشحنة,3
الموضة,3
الفضية,3
فالذي,3
سيخرج,3
أترككم,3
بإصدار,3
تسمونها,3
الأيسر,3
يعودون,3
سأترك,3
سأعطيه,3
ضغطات,3
للعجلة,3
بطولة,3
مثلا؟,3
الأربع,3
تضعون,3
السلسلة,3
إصدارها,3
فلنبدأ,3
لأصدقائك,3
لقطة,3
الإمدادات,3
فأنتم,3
الآيباد,3
أظن,3
الإقامات,3
احتسابه,3
المظلة,3
والأحداث,3
التأخير,3
الإطارات,3
أفخم,3
للعيون,3
سنفعل,3
بالحركة,3
رصيدا,3
احتسابها,3
للأسفل,3
جيوب,3
وسنعود,3
الأكي,3
الواحدة,3
الجائزة,3
وستجدون,3
بتطوير,3
معظم,3
أطوره,3
المخصصة,3
للبذلة,3
الشجرة,3
أضعف,3
لإتمام,3
أروني,3
وخوذة,3
تشعروا,3
الأنمي,3
بشراء,3
إعلان,3
بداخلها,3
الملاحظين,3
ويمكنكم,3
الإطفاء,3
أضيفوا,3
دقيق,3
ترونه,3
ادخلوا,3
تسمى,3
الطرود,3
كأنني,3
المطلوبة,3
تبادل,3
شعبي,3
الجزيرة,3
الأمنية,3
وأشعر,3
سأشارك,3
وفتحها,3
بالضغط,3
المميزة,3
سيربح,3
إمداد,3
الباكيج,3
محرك,3
اللاعبون,3
أفيدكم,3
يختارون,3
التحسن,3
إلغاء,3
إنجازات,3
الأمان,3
مؤقتا,3
فعالية,3
يحسب,3
الميزة؟,3
للآيفون,3
الثمينة,3
سكنا,3
قلة,3
السلاح؟,3
بالإنجازات,3
أراه,3
عبوات,3
تعيد,3
سنتحدث,3
أضيفت,3
رأيتموه,3
سيأتيني,3
اللعبة؟,3
سيصدر,3
أضعاف,3
وأي,3
الدردشة,3
نادرا,3
فسيتم,3
المهارة,3
تطرح,3
اليومي,3
بالنقاط,3
تحسنت,3
إل,3
الماضية,3
إضافي,3
سرعة,3
بالأسلحة,3
سيتوقف,3
لأهم,3
بدلتان,3
إلكتروني,3
مشاركة,3
أحبائي,3
يتركون,3
الواجهة,3
سنكمل,3
الإضاءة,3
سيئ,3
رأيي,3
ونعيد,3
السعودية,3
للحفر,2
ليخرج,2
جهة,2
وجلب,2
تتخرج,2
استقبالكم,2
التواصل,2
الأسباب,2
أبواب,2
وأما,2
وقلبه,2
تشير,2
العملة,2
بالإسلام,2
وتتحول,2
يأتوا,2
يتقدم,2
للخطبة,2
أوروبي,2
أيضا؛,2
العالية,2
الرفيعة,2
الآخرة,2
أحدنا,2
وأخواته,2
يعتني,2
أصدقاؤه,2
كرة,2
قهوة,2
فابق,2
قرآن,2
ستزداد,2
الطريق؟,2
الأوقات,2
تفلت,2
أأتي,2
أستغفر,2
ممحاة,2
قصرت,2
خلفها,2
والنصف,2
وأقسم,2
المائدة,2
نهض,2
إصلاحه,2
ستحقق,2
وترون,2
الرسم,2
تتجمع,2
لأعيد,2
الزاوية,2
ثابتا,2
التعلم,2
الهواء؛,2
أستخدمه,2
لأحضر,2
المرونة,2
بشأنها,2
تريده؟,2
الزوائد,2
أعتمد,2
حين,2
وتتحقق,2
وأعلم,2
القالب,2
والحصول,2
يجدوا,2
أولئك,2
سيتضح,2
وأعيد,2
وينتهي,2
لديك؟,2
نذهب؛,2
يطرح,2
متعلقة,2
يتناسب,2
سأتحقق,2
أقطع,2
لجعل,2
وأصب,2
الفرشاة,2
وأربعون,2
يسارا,2
وحدي,2
يجعلني,2
أستمر,2
بهدوء,2
أثنيها,2
مستقيما,2
بالتنظيف,2
ممتازة,2
تسخن,2
وتعمل,2
أهتم,2
سأعتني,2
يكلفك,2
لأقول,2
بالكمبيوتر,2
صوتا,2
إزالته,2
صغيرا,2
أفقد,2
أطير,2
وعملت,2
وأحاول,2
يركب,2
وستصبح,2
والعمل,2
سأصلحه,2
معقولة,2
تعديله,2
وسبعون,2
أقصى,2
أصعب,2
الأسنان,2
جهدا,2
أشارك,2
متعبة,2
بتوصيل,2
ساخنا,2
وضوحا,2
الكاملة,2
الجلد,2
أشك,2
محترفا,2
أجهز,2
وستبدأ,2
أرفعه,2
وغيرها,2
نتمكن,2
والإطار,2
مثبتة,2
ثلاثون,2
مساعدتك,2
رأسي,2
أرتاح,2
عليها؟,2
الحائط,2
بالضبط؟,2
تركها,2
الانتباه,2
لوحة,2
أخذتها,2
هناك؟,2
وسأقوم,2
بفك,2
أسحبه,2
وسأعود,2
فكيف,2
مسؤولون,2
هو؟,2
أرضية,2
زرا,2
وأضعه,2
وأتأكد,2
لقياس,2
بذور,2
الصفيحة,2
لأقيس,2
ستحل,2
تعرضت,2
لأقوم,2
لسنا,2
وأخيرا,2
ظاهرا,2
حلها,2
أمبير,2
جميعها,2
سحبا,2
أنظر,2
أوصل,2
أقيس,2
تذكرتم,2
ذهب؟,2
الحديث؟,2
سلكا,2
يرجى,2
استبداله,2
الشعرات,2
النقطة؟,2
وأركبه,2
المئوية,2
جهدك,2
وتكسب,2
الوظيفة,2
أدري,2
وأنه,2
انتظرت,2
ابقوا,2
أرهقك,2
أخبرتني,2
الإجازة,2
راضين,2
الحضور,2
جاد,2
أمزح,2
بصدق,2
فلماذا,2
أسبه,2
لنستمر,2
داخليا,2
أكملت,2
مكافآت,2
مبارزة,2
عرضها,2
تكمن,2
كونها,2
فيمكنه,2
أذكر,2
الحقائب,2
للتسريبات,2
المتوقع,2
سيفعله,2
أغراضه,2
دفعها,2
قدما,2
طريقي,2
اللحاق,2
للأذى,2
النحو,2
حدثنا,2
دمعة,2
أربعون,2
ميزانك,2
أدق,2
يصرخ,2
جلبته,2
كتبتم,2
مطلقة,2
الفاروق,2
قرأت,2
ير,2
السبعة,2
وكأنك,2
سنوات؛,2
ينادي,2
قلبك؟,2
آخر؟,2
بائع,2
يتمنون,2
المقبول,2
الأخرى؟,2
أحببته,2
فذلك,2
ويشتري,2
ويأتي,2
ويأخذ,2
الأمة,2
رأيتها,2
قدموا,2
تحدثوا,2
الأيتام,2
أثقل,2
ويعودون,2
والخامسة,2
إنك,2
أرباع,2
لمجرد,2
الأريكة,2
استغرق,2
ليأخذ,2
أفسد,2
أذكره,2
ركعتان,2
يملك,2
يصنع,2
أتعهد,2
قرشا,2
يدعى,2
ويعتقد,2
الشديد,2
ليضربه,2
سيفعل,2
لأجلك,2
الآخرون,2
فقط؟,2
عيبا,2
النوم,2
يكون؟,2
ومنهم,2
قدرة,2
أنت؛,2
أموال,2
مشكلة؛,2
الهواتف,2
أعمال,2
يعيد,2
تأتيه,2
أعدوا,2
وإتقان,2
سأغفر,2
أكلت,2
تذكر؟,2
لأبنائنا,2
مشروعا,2
لتدرس,2
التحسين,2
تسمعني؟,2
ضيافة,2
علمكم,2
يتأخر,2
جسدي,2
ختمة,2
يموتون,2
شاهدت,2
حولها,2
خلفه,2
والرأس,2
موقفا,2
وجلبت,2
يضرك,2
وأولادي,2
ضائقة,2
أوفي,2
البلاد,2
تخبره,2
الممرضة,2
تقلق,2
يأخذه,2
أتعامل,2
لإحضار,2
ضاع,2
إنما,2
طلبا,2
ثالثة,2
خامسة,2
سابعة,2
يشعرون,2
المفروض,2
الصالحة,2
جامعة,2
وتأكل,2
تعلم؟,2
جيدين,2
نفد,2
يخبره,2
الجهة,2
لنكتب,2
لدراستك,2
يحتاجون,2
بضع,2
إسماعيل,2
زلنا,2
أمرك,2
يأمرك,2
البلدة,2
يمنعك,2
أنتهي,2
وسلم؟,2
خليفة,2
ستون,2
الآية؟,2
أجواء,2
اجعله,2
الصين؟,2
القضائية,2
وتستطيع,2
اسأله,2
إبراهيم,2
وجرح,2
بالصلاة,2
ويقوم,2
يرن,2
يفيد,2
غافلا,2
موعدا,2
مسافة,2
وتعطيه,2
لأعود,2
ستتزوج,2
أحبها,2
بينكن,2
فقيرا,2
العظيم؟,2
المحكمة,2
الفاتحة,2
أطفال,2
ومعرفة,2
للحياة,2
تأهيل,2
الأخوة,2
ياليتني,2
بأشياء,2
فوضى,2
أبلغوا,2
مذهل,2
وأنفقت,2
الشهري,2
للدراسة,2
أراك,2
يتحمل,2
آياته,2
نصنع,2
بالمال,2
شأنك؟,2
بالصبر,2
والطعام,2
يصلون,2
شأنه,2
تصلي؟,2
تعانق؟,2
وأسلم,2
أجاب,2
سكران,2
الأنبياء,2
للضرب,2
سأدخل,2
قمرة,2
عقولهم,2
ويفكرون,2
لديه؟,2
أحسنت,2
اجلسوا,2
يتمكنوا,2
أسلوب,2
اضطررت,2
لحذف,2
الكمال,2
أساسي,2
نائمة,2
تدرس؟,2
ماهرة,2
أوراق,2
ألفا,2
ولكل,2
تتمسك,2
يود,2
الفقرة,2
السابعة,2
مرت,2
لطيفا,2
امش,2
تفر,2
مخطوب,2
أستعد,2
نجد,2
أعتني,2
مرحبا؟,2
انقطع,2
بأكملها,2
عائلتها,2
تتمتع,2
العقلية,2
بإلقاء,2
كافية,2
شعرا,2
ستسعد,2
سأقرأ,2
احذروا,2
التركيز,2
بصوت,2
بيدها,2
مخطئة,2
النفقات,2
الثقة,2
سأعرض,2
أمسك,2
أقصر,2
الشوربة,2
الكهربائي,2
يقدموا,2
للنوم,2
قرأتها,2
وقدم,2
رائحة,2
سأجعلك,2
المعلومة,2
استراحة,2
يشكو,2
ها؟,2
ستشعر,2
شعور,2
الكفاية,2
يردوا,2
أنظم,2
مسموح,2
مغرورا,2
كطفل,2
أشرف,2
تعقيدا,2
حساباته,2
ادع,2
بارا,2
وضعي,2
أحلام,2
الأوائل,2
سيموت,2
ضرورة,2
طالبا,2
أظل,2
الرياح,2
حان,2
أكرم,2
السادسة,2
للشريعة,2
ولمدة,2
أختك,2
غريبة,2
يصبحون,2
علاقتك؟,2
الكنبة,2
يدها,2
مخالفة,2
سأعلمك,2
كتابا,2
مخطوبون,2
للشرع,2
والفتيات,2
شائعة,2
جاؤوا,2
عفيفا,2
ولديه,2
تحقق؟,2
صيفية,2
ستضع,2
إشارات,2
تدعمه,2
سأحميك,2
تذهب؟,2
وليا,2
نزاع,2
يعقل,2
الأهل,2
يصدق,2
أعجبنا,2
قريبة,2
لقمان؟,2
جميعكم,2
أخطاء,2
كهذه,2
ألمانيا,2
أولادك,2
أتركه,2
أذان,2
الصدمة,2
والقلق,2
أيتها,2
القبول,2
استخارة,2
أخلاق,2
إرضاء,2
احذري,2
القضية,2
نفسك؛,2
أتقدم,2
جالسة,2
وطرقت,2
وفلان,2
مجهزا,2
لزيارة,2
أريدها؛,2
والأب,2
أحبهم,2
وأهلها,2
وأخو,2
أروع,2
عائلتي,2
بأفضل,2
القهوة,2
محترمة,2
أعرفها,2
أدركت,2
حقيقية,2
ونذهب,2
أراهم,2
سأرسل,2
أستاذ؟,2
المحرمة,2
العملي,2
مسؤولية,2
وتضعها,2
جيبك,2
يقدم,2
وهدية,2
تأخذها,2
أطيعه,2
وزوجتي,2
الأندرويد,2
البيت؟,2
أجلي,2
دراسة,2
معينا,2
عائلتك,2
وأعيش,2
السهر,2
أردتها,2
حزينة,2
أتزوجها,2
أسألكم,2
غائبا,2
به؛,2
سيئة,2
جعلوني,2
موضوعة,2
فقام,2
بوضعه,2
الأفلام,2
لص,2
خاطئة,2
بزوجة,2
السجادة,2
وتخرج,2
رنين,2
أختها,2
تخبرك,2
والآخر,2
انتقلوا,2
أقلام,2
للشخص,2
والكتابة,2
انتشر,2
يفرح,2
ضعي,2
المطبخ,2
تستطيعين,2
جديا,2
زوجك؟,2
وجاءت,2
لتأخذه,2
عال,2
أيديهم,2
صفرا,2
شيئا؟,2
أفسر,2
الأحلام,2
ويتحدث,2
زكاة,2
أنهض,2
سأصل,2
يصعد,2
أصبحنا,2
زفاف,2
الإعلام,2
تسعة,2
سأجربه,2
يسمونه,2
الأمريكية,2
القوامين,2
أنفق,2
المكتوبة,2
أهلي,2
التأهيل,2
نية,2
ألست,2
مشغولا,2
سأدفع,2
تؤدي,2
تفعلين,2
إيجابية,2
أخطبك,2
سيرضون,2
أعطي,2
أخبرهم,2
ننهي,2
جاءوا,2
يسكن,2
لإنهاء,2
وذلك,2
ضروريا,2
البيع,2
عمي؟,2
سورة,2
يرض,2
ممن,2
الجمعة؟,2
مكتئب,2
ويأخذون,2
ليقرأ,2
وكلما,2
وأتذكر,2
عبادة,2
يأت,2
إياك,2
فعلنا,2
رأسه,2
تسمح,2
ستلد,2
أجي,2
ليتزوج,2
صحنا,2
عمياء,2
قررت,2
الأستاذة,2
مساعدة؟,2
جادا,2
لخدمته,2
أمية,2
مساعدة,2
تملكه,2
لتعرض,2
تحضر؟,2
بدت,2
غادروا,2
فتصبح,2
أزل,2
وأخذنا,2
تحضرون,2
دروسا,2
كيفما,2
تفعلون؟,2
الأذان,2
لوحده,2
انزلاق,2
غضروفي,2
مدرسة,2
التوبة,2
كوب,2
طالت,2
بأنني,2
يؤذن,2
ابتلع,2
وتزوج,2
تعجبك,2
يعجبك,2
حمزة,2
وحشيا,2
ينهض,2
أخته,2
وصلتم,2
وظيفته,2
تأن,2
نصيبه,2
وللبعض,2
المسافرون,2
الصدقة,2
جمعية,2
املأ,2
أخيك,2
نائما,2
يستمع,2
يتظاهر,2
بالنوم,2
أفعله,2
هذان,2
الاثنان,2
العقدة,2
يتابع,2
وتغيرت,2
برؤية,2
علي؟,2
وفجأة,2
صورا,2
سأله,2
لأستفيد,2
يجري,2
الخيمة,2
لذة,2
تأخر,2
ليصل,2
حقي؟,2
وأرغب,2
لثلاثة,2
حقدا,2
يستجيبون,2
محبوسا,2
وجلة,2
يسرقون,2
اللوم,2
أعطاكم,2
مملكة,2
المواقع,2
كلاما,2
مرصد,2
أسير,2
معناها؟,2
لأهلك,2
اليوم؟,2
تقديمها,2
اقرأوا,2
الخروج؟,2
الملائكة,2
وأمك,2
ويستمروا,2
الشهوة,2
والحقيقة,2
السعادة,2
عزيزة,2
الصوم,2
جمعها,2
المعاصي؟,2
حرام؟,2
منفتح,2
أجدك,2
تأخذهم,2
سأرى,2
بحجم,2
يغضون,2
أبصارهم,2
المخدرات,2
تغيب,2
يأمر,2
ليظهر,2
رأسك,2
وتتحرك,2
عصرا,2
لأمر,2
عينيك,2
المباحة,2
بالتجارة,2
أذكى,2
أطيع,2
يعلمونك,2
فلانة,2
فتدخل,2
كتلة,2
سأحضر,2
بحثت,2
نكن,2
شريعته,2
ألتزم,2
لأكمل,2
أطع,2
رسميا,2
وكرة,2
الكلية,2
تسببت,2
أقترح,2
السيئة,2
أولاد,2
راضية,2
أبوه,2
حشود,2
سيحاسب,2
أعددت,2
أسابيع,2
الأرباح,2
بثلاثة,2
مخيفا,2
خوفه,2
ميدالية,2
يريدونها,2
القبلة؟,2
الذكاء,2
دخلنا,2
ويظهر,2
تدريجيا,2
البركة,2
بطول,2
يجعله,2
ليخطب,2
بكى,2
سيأخذ,2
الإيجار,2
ربحا,2
صعوبة,2
نر,2
بسطة,2
مستعدا,2
ورحمة,2
مغلقة,2
بسخاء,2
السرقة,2
أزعل,2
الفرص,2
الحل؟,2
تقولين,2
رابطة,2
تصر,2
مؤكدة,2
إنشاء,2
أرسله,2
أليست,2
مرة؟,2
بأربع,2
ليحضر,2
صائم,2
راحة,2
تقام,2
بدوني,2
ويبتعد,2
جدا؟,2
تريدهم,2
للتضحية,2
مادية,2
خاصون,2
يرتدي,2
بإمكانهم,2
يلبس,2
للحج,2
أولا؟,2
الدنيا؟,2
أحقق,2
ثمنها,2
مخطئا,2
الشاة,2
أحضره,2
الأخبار,2
مدرك,2
ستدخل,2
طراز,2
بخير؟,2
المؤسسة,2
يزر,2
أنيس,2
هموم,2
أضمن,2
أصدق,2
المغادرة,2
أحبكم,2
خذه,2
السياسية,2
يخلط,2
الأمية,2
ابتدائية,2
تقليل,2
ميتا,2
الخير؟,2
التاريخ؟,2
سهرة,2
سيهرب,2
نوبة,2
إسقاط,2
هؤلاء؟,2
وأحب,2
لأبحث,2
بالملل,2
بيتا,2
جاءهم,2
مضت,2
الحقوق,2
لنخرج,2
تتأثر,2
تجلبها,2
وتغيير,2
ستعيش,2
لأفتح,2
لأعمل,2
وأعود,2
جدتي,2
أغلقت,2
مطفأ,2
بطارية,2
بأكبر,2
بكم؟,2
الأصلي,2
يأخذوا,2
تزيل,2
أخينا,2
لاسلكيا,2
ترونها؟,2
نجربه,2
لها؟,2
فمعناه,2
أشغل,2
وتركيب,2
وشاهد,2
الأوسط,2
اللمس,2
تضمينها,2
حصرية,2
أعزل,2
القوة,2
مسارا,2
بالعربية,2
معطلة,2
شريط,2
للحظة,2
وأزيل,2
البرد,2
تغييره,2
أعطتني,2
مكبرات,2
السيارة؟,2
الصغيرة,2
أثبت,2
مدمجة,2
متابعة,2
الذاكرة,2
جئنا,2
سنحضر,2
تجذب,2
مارس,2
الرقائق,2
إعجابا,2
يستخدمها,2
تطورت,2
الصعود,2
الكرة,2
أستعرض,2
للنمط,2
تعرفونها,2
الأمواج,2
وهما,2
مثالا,2
سريعا,2
متوفرا,2
لتستفيدوا,2
سأستفيد,2
عافية,2
إدلب,2
بمهمة,2
الأزرق,2
الأحباء,2
مزعجا,2
مكررا,2
الحيلة,2
حيلة,2
تطبيقا,2
لتعرفوا,2
تكونون,2
بالحصول,2
أين؟,2
أرجو,2
بالشحن,2
شكلا,2
مواسم,2
أمكن,2
مسكن,2
لتعرف,2
سنستفيد,2
استبدالها,2
أتينا,2
بمسابقة,2
سأعرضها,2
نمضي,2
الأنسب,2
والحزم,2
لنر,2
قبل؟,2
مملوكا,2
لندخل,2
الجوهرة,2
للنزول,2
سببا,2
للحدائق,2
السفلية,2
تأكدوا,2
الأس,2
ساحة,2
خللا,2
وترميه,2
سهولة,2
المتوفى,2
تتكرر,2
تضعوا,2
ولكني,2
وسيربح,2
لأبو,2
جاليري,2
يعرضونه,2
إحساس,2
القسيمة,2
كالمعتاد,2
تشاركون,2
وبناء,2
لبقية,2
ومقبولة,2
تهمني,2
واختر,2
أضف,2
السهل,2
إكماله,2
سأجربها,2
إخلاء,2
الذخيرة,2
غاليا,2
بأهم,2
للرأس,2
إمكانية,2
الحجم,2
وأستعرض,2
وأكرر,2
أطلقنا,2
لنهاية,2
يدل,2
جميلا؟,2
يعطوننا,2
أخيرا,2
أخرجت,2
الترجمة,2
نتجاوزها,2
للترقية,2
وبإذن,2
بحركتنا,2
الغاليين,2
بالوحدة,2
شيء؟,2
ومعظم,2
التصفية,2
للحزمة,2
الحر,2
رسالته,2
أحداث,2
الفارغة,2
مغلق,2
القبيلة,2
متتالية,2
الأسطورية,2
القائمة,2
ونخرج,2
حظا,2
للدخول,2
جيدون,2
أصلح,2
بتسريع,2
بطيئة,2
الشعور,2
الأقصى,2
العالمية,2
احتمالا,2
إنجازا,2
أحمي,2
المتابعة,2
أسوأ,2
لدعم,2
باستخدام,2
تأكيد,2
الصعوبة,2
زلاجة,2
والزلاجة,2
بإنشاء,2
أنم,2
أخربط,2
سأطوره,2
سيستخدمه,2
مثالي,2
تنصحونني,2
نضعه,2
ألعبها,2
للزي,2
الزي,2
كعرض,2
إطارات,2
وتصلون,2
الفرح,2
اللص,2
يقصروا,2
فبإذن,2
للمشاركة,2
انسخ,2
وأعطه,2
لإحدى,2
بأعداد,2
المنزلية,2
نريده,2
أسبوعي,2
بحوالي,2
أخرجناه,2
شاهدوا,2
أستعرضها,2
فريقا,2
ودع,2
توافقونني,2
سيفوز,2
سيحصل,2
الجوائز؟,2
قسيمة,2
أرسلها,2
وتم,2
الإكسترا,2
سأزيل,2
اسألهم,2
بالمشاركة,2
أفسدت,2
لنا؟,2
فلنكمل,2
سأقرر,2
حالما,2
لثوان,2
البدلة؟,2
جمعناها,2
أذكركم,2
استخدموا,2
تقدمك,2
محطة,2
الوقود,2
سأضعها,2
وأختا,2
مشتركا,2
وبسيطة,2
ازرعها,2
أصدقاؤك,2
يسمونه؟,2
بيانا,2
قفز,2
نختار؟,2
نشعر,2
منا؟,2
بالسيارة,2
أنزله,2
بإعداد,2
حلوى,2
تليها,2
كخط,2
الموضوع؟,2
ستكونون,2
بالكامل؟,2
فائدته,2
بأشكال,2
أشكالها,2
أمنية,2
بتغيير,2
أعطيتها,2
نأتي؟,2
ونعيدها,2
فحسب,2
الترقية,2
أخيه,2
سيختارون,2
أشجع,2
تستطيعون,2
توصلنا,2
تأمل,2
وانتهينا,2
مشتعل,2
آها,2
تفتحونه,2
أحتاجها,2
جميلان,2
إنترنت,2
لنصل,2
تخرجوا,2
المنخفضة,2
يخبركم,2
سيكونان,2
للشعبية,2
بالبطاقات,2
أقسام,2
أولية,2
تصدر,2
أرها,2
والأهم,2
بعجلة,2
بالعجلة,2
منفصلة,2
إدخال,2
للصورة,2
وانتظروا,2
التحول,2
المرتبط,2
وتقوم,2
الإجراء,2
أشحن,2
قليلون,2
أكسب,2
جمعتها,2
المنظار,2
مخفي,2
بشرائها,2
استرداده,2
تقلقوا,2
ظننت,2
وعدت,2
آر,2
يسمونها,2
مدتها,2
مخفية,2
يهتمون,2
خزن,2
مقلاة,2
أشارككم,2
طبيعيا,2
بايت,2
يملكون,2
وبداية,2
تفيد,2
المجوهرات,2
أستردها,2
وتفعيل,2
التحقق,2
أعطيته,2
ينتبه,2
كريستالات,2
بألا,2
وتعيد,2
يحق,2
جوزة,2
الثلجيات,2
غضون,2
يتطور,2
أطور,2
نظاميا,2
سألني,2
تنزيلها,2
وتجربة,2
كائنات,2
فضائية,2
بأنها,2
والصراحة,2
يتابعون,2
يتفاعلون,2
لنوجه,2
يظهرون,2
أشتريه,2
قصاصة,2
لنتأكد,2
وأعطيكم,2
فائدتها,2
كالعادة,2
لطافة,2
مرتبطة,2
تكتبون,2
كوبون,2
وحصلنا,2
الأوزي,2
سأعلمكم,2
المضمون؟,2
منهم؟,2
بنهاية,2
أتوقعه,2
المميز؟,2
أضعته,2
بالفتح,2
التنانير,2
نعتبر,2
أسبوعية,2
سيعطوننا,2
ببدلة,2
إيقاف,2
منخفضة,2
يضغط,2
يستفيدون,2
مؤكدا,2
بتحميله,2
للغنائم,2
ألقاب,2
ستجدونه,2
سيكلفك,2
لينزل,2
ينزلون,2
بوضع,2
انتهوا,2
إزالة,2
ليتم,2
ضغطتم,2
ضررا,2
للأندرويد,2
وغطاء,2
تكتمل,2
الآر,2
للضرر,2
نفعله,2
أسئلة,2
غالية,2
أزياء,2
تجدوه,2
اهتمام,2
عشرات,2
قسما,2
تخطيا,2
أضافوها,2
محطات,2
تقدمنا,2
سيعودون,2
بنشره,2
إنزال,2
للرقصة,2
يتضح,2
حاليا؟,2
الساحرة,2
تركيزا,2
أصدقائكم,2
المسرب,2
عشرة؟,2
بالتعاون,2
الهندية,2
الإضافي,2
الخاصية,2
والمجموعة,2
الأزياء,2
إضافات,2
رصيد,2
الراوترات,2
تفعيله,2
عندنا؟,2
معرضا,2
وقمت,2
نشرتها,2
مزاج,2
لنعرف,2
ضغطة,2
نبرة,2
التجربة,2
الأسلوب,2
التنزيل,2
حزمتان,2
مساعدتكم,2
ووجدت,2
أفيد,2
يتحسنون,2
الإعدادات,2
باللغة,2
تناسبنا,2
الطقس,2
سلمان؟,2
خصما,2
لنقم,2
حدثا,2
سأشرحه,2
أعجبك,2
لأفضل,2
بأنفسكم,2
المقابض,2
يخرجوا,2
رأينا,2
قناص,2
وجميلة,2
الإشعار,2
وبحثت,2
أشعة,2
مهارة,2
تتضمن,2
عربية,2
اليانصيب,2
الفعلية,2
سيذهب,2
فاتركوا,2
لنرجع,2
وعادية,2
الرسمية,2
للانضمام,2
الإعجابات,2
دفعات,2
الإضافية,2
المكافأة,2
سكاكين,2
فدعونا,2
للإيجار,2
لعجلة,2
لتروا,2
الإنعاش,2
لإعادة,2
سيكلف,2
إخراجها,2
الشدائد,2
سأشارككم,2
للألوان,2
غاليين,2
تعرفونه,2
للشركة,2
لتكن,2
الأعطال,2
سينضم,2
ستستفيدون,2
الإم,2
وأخت,2
تجاوزا,2
وسهلة,2
سأضرب,2
السنوية,2
ممتلئة,2
إضافيا,2
سيحصلون,2
رحلة,2
للخمسين,2
الحظ؟,2
أعطها,2
قتال,2
بالإعجابات,2
يليه,2
نظيفة,2
إذنكم,2
سأعرف,2
عمليات,2
للمباراة,2
هدفا,2
الأجواء,2
أمتار,2
يحفر,1
بئرا,1
الماء؟,1
الجلسة؛,1
لعشر,1
يعلقون,1
يعجبه,1
سأنقاش,1
افتتح,1
متجرا,1
مهندسا,1
الهندسة,1
نريدك,1
انتظارك,1
لتتباهى,1
حفيدك,1
تمكن,1
متوجها,1
خواطر,1
يراقبه,1
ينعكس,1
يشهد,1
ناظر,1
خفقات,1
جامعية,1
يمضي,1
أحضرها,1
أمامك؟,1
ليعتكف,1
معرفتك,1
سيفعل؟,1
سيتوضأ,1
ودرسا,1
رأوه,1
فقالوا,1
وتأتي,1
نخطب,1
تخطب؟,1
مختصرة,1
خاطبها,1
فسجلها,1
ملاحظاتكم,1
نراه,1
السباحة,1
وتخرب,1
وتقتحم,1
وتجلب,1
وتخبرهم,1
لتقوم,1
بتعليمهم,1
فضلا,1
لابد,1
اعطهم,1
يهديهم,1
يدك؛,1
يخطط,1
رجل؟,1
الرتبة؟,1
تقصد,1
ثوابك,1
المراتب,1
والمكانة,1
لكثرة,1
أستطيع؟,1
ذنوبا,1
بالأمور,1
أخوين,1
يتولى,1
رعايتهم,1
رفاعي,1
الفارغون,1
لقضاء,1
ستلعب,1
يقولونه,1
يملأ,1
وضيع,1
أجسام,1
الرياضة؟,1
مضغوط,1
عامان,1
مستعجلا؛,1
سابقا؟,1
عامين,1
وتسأل,1
خبيرا؟,1
أسجل؟,1
سأداوم؟,1
سأراجع؟,1
أراجع؟,1
تضيعون,1
وقتكم,1
فعادة,1
السبعين,1
سنة؛,1
ستنقص,1
العلامة,1
التربية,1
أوقاته,1
المقهى,1
ليقول,1
ملتزم؟,1
المثقفين,1
حقيقي,1
معك؛,1
يخبرني,1
الأنفاس,1
بذكر,1
تتركك؟,1
يضيع؛,1
سنملأ,1
وأحضر,1
البقالة,1
واشتر,1
فسأله,1
أكتب؟,1
امحهم,1
مني؟,1
مخمورا,1
حقوقك؛,1
يتبادر,1
الذهن,1
طاولة؟,1
يرقق,1
فاته,1
وتركه,1
يوقفون,1
ركعات,1
للعشاء,1
وأراد,1
أعطيتكم,1
تلتزموا,1
ويؤخذ,1
ويجري,1
ومعهم,1
تتوضح,1
الجانبين,1
البياني؟,1
والنقاط,1
تت,1
لبداية,1
الرجاء,1
بالنفخ,1
لأجفف,1
وأبقى,1
جانبي,1
نواصل,1
ونستمر,1
نموذجا,1
قصصناها,1
كدت,1
بتدبير,1
أعدته,1
وتجمعه,1
معتادين,1
أخذها؛,1
وقليل,1
سيتشكل,1
وأمورك,1
نتناول,1
النكت,1
لأخرب,1
متروك,1
أوجههم,1
يتنجح,1
يتعطل,1
أغمره,1
يلتصق,1
وأسهل,1
النوعية,1
بمفردها؟,1
الراية,1
بفرد,1
معجون,1
وسنمده,1
أخرى؛,1
لتهدأ,1
وبالمناسبة,1
تصل؛,1
مبلورة؛,1
عاديا,1
والتحدث,1
تصيبها,1
غامضا,1
وأفسد,1
الأجزاء,1
تردد,1
وتكرار,1
تفسيرها,1
مصابا,1
الأشياء؟,1
ستحتوي,1
تلخص,1
طرحتها,1
لزجا,1
لأهديها,1
الحديدية,1
اللتين,1
التصقتا,1
ببعضهما,1
ويرتفع,1
الحساس,1
مغلقين,1
وتصب,1
تنظف؟,1
وننظف,1
ستنظف,1
شمالا,1
وليسوا,1
صادفتك,1
المية,1
وأنتظر,1
أزوره,1
بالقوة,1
بتجفيفه,1
بتجفيفها,1
يلمس,1
المقارنة,1
وتخصيص,1
وتسكب,1
بالمرض,1
لمن؟,1
للشابة,1
محق,1
سوداء؛,1
البلور؟,1
المكواة,1
أكسرها,1
انفصلت,1
وسأصبح,1
متوترا,1
لتعويض,1
أحتفظ,1
بالحرارة,1
رأسى,1
صدقا,1
سأركب,1
وأسلمك,1
للعميل,1
ناتج,1
الاستخدام,1
اليدوي,1
مقدرا,1
يسامحني,1
متصل,1
صراحة,1
خلعته,1
ارجلي,1
يدي؟,1
الجهاز؟,1
وكلها,1
تقف,1
محقا,1
لجهاز,1
نحركه,1
لتجلسوا,1
مريح,1
اهتزت,1
أترقب,1
تحريكه,1
أهزه,1
زلتم,1
بالمسك,1
أقيمها,1
يدفعك,1
الوزن,1
ثقيلا,1
تبريده,1
بالتبريد,1
أعلمه,1
البورتات,1
الطبيعي,1
الطفل؛,1
يمتصها,1
تنمو,1
أه,1
تيبست,1
بتخريب,1
سأعرضه,1
أضعها,1
مليئة,1
التمركز؟,1
العبوة,1
أتحقق,1
الغذائي,1
حالاته,1
بالنية,1
حرارتي,1
اسحبها,1
ترتبط,1
ببعضها؟,1
والأرجل,1
نتائج,1
نرتدي,1
متحكما,1
بالإطار,1
ويستخدم,1
قبضة,1
المق,1
تنزلق,1
ينتمي,1
لعود,1
للبقاء,1
أصفه,1
واشتعلت,1
العميل,1
تتلف,1
والدبغ,1
وسنرى,1
متوقعا,1
بتوزيعهم,1
الكاوية,1
والمعادن,1
أخفف,1
وتحصلون,1
تطبيقها,1
ومرتبا؛,1
كمعلم,1
لتتمكنوا,1
وثلاثون,1
هززنته؟,1
مركزة,1
وستعرف,1
رعايته,1
أضبطه,1
طريقا,1
التركيب,1
المبدأ,1
تتشكل؟,1
وضبطناها,1
معتاد,1
واصب,1
وابدأ,1
أسبب,1
سيفلت,1
إرادة,1
تكييف,1
الحماية؟,1
لحماية,1
بجهد,1
تواجهنا,1
معطل,1
زائدة,1
جرة,1
لبراغي,1
أخلط,1
للفلاتات,1
سننشئها,1
الشاسيه,1
عكسهم,1
البوصة,1
سنتيمترا,1
لاستكمال,1
مجهر,1
بقياسها,1
ملامسة,1
للأرض,1
اختفت,1
مصنوعا,1
ويمكنه,1
بمعدل,1
أجري,1
يأخذ؟,1
صممتها,1
منحناكم,1
طولي,1
مرآة,1
تشغلها,1
تقدمه,1
وأعبث,1
باللوحة,1
تعمى,1
الساخن,1
والأدوات,1
وتفصيل,1
السماكة؟,1
تلخيصها,1
يتسلط,1
مزدحمة,1
فوضوية,1
وثلاثين؟,1
علمت؟,1
ستتبعها,1
والمكواة,1
فوضاك,1
وأغراضك,1
وأجلس,1
وسأريك,1
لاحظتم؟,1
بالتقاط,1
تنظم,1
للكيس,1
أقدمها,1
ستأخذ,1
انطفأ,1
البورستر,1
ملحوظين,1
أتحمل,1
ونتابعها,1
للقاعدة,1
حمية,1
أغير,1
الوقت؟,1
وفصلت,1
وفصلته,1
متصلون,1
كفلاح,1
وزرا,1
وواحدا,1
وأقيس,1
أحمى,1
وأفك,1
آمن,1
أشير,1
رفعناها,1
لقياسه,1
مشكلته,1
البذور,1
مختصرا؟,1
تعيده,1
سنعيد,1
التكامل,1
الدائرة؟,1
أزيحوا,1
فككت,1
الشيء؛,1
أتابع,1
وستجد,1
صفيحة,1
رفعها,1
ونأكد,1
حيوية,1
المتهم,1
منفوخة,1
ولماذا؟,1
منتفخة,1
كهربائية,1
الترانزستور,1
خفض,1
بتنظيفه,1
كذا؟,1
الهواء؟,1
القصر,1
معكم؛,1
سأ,1
إلزامي,1
وسنذهب,1
لنشتري,1
حضراتكم,1
مشحون,1
بتكبير,1
ونبحث,1
ولنرى,1
البديل؟,1
سنستبدله,1
ونضعه؟,1
كهرباء,1
أجعل,1
سأبحث,1
عليه؛,1
يغذي,1
بتشغليه,1
فسأكون,1
لأتوجه,1
لإصلاح,1
ذاتها,1
أعوج,1
الفطيرة,1
الأفو,1
أركب,1
وأوصل,1
بتشغيله,1
سيعمل,1
يراها,1
تقييمها,1
اختبار,1
طفيفا,1
وأقيسه,1
سأتمكن,1
انحنيت,1
وامسك,1
وسنركب,1
وثمانون,1
نستنتج,1
استبدلت,1
واستبدلت,1
لأمد,1
فولت؟,1
حبك,1
تحب؟,1
أستخرجها,1
لأحفر,1
أوصلها,1
وتعطل,1
الأسهل,1
تمديد,1
ودقيق,1
تستبدل,1
تمده,1
أحفر,1
لعزله,1
وصوله,1
لحام,1
لحمنها,1
بتجريد,1
اللحام؟,1
ويعزل,1
وأضمن,1
تحميني,1
الملحمي,1
أضطر,1
لتركه,1
أقذر,1
أفسدناها,1
كلماتك,1
نسمى,1
فنيين؟,1
إيجاد,1
للقطعة,1
وتخترع,1
المتاعب,1
نظم,1
أمورك؛,1
ترتب,1
أوفر,1
موادها,1
يمنحوك,1
المراكز,1
مقلبا,1
سيخصم,1
لنجلس,1
اخفض,1
صوتك,1
أفهمك,1
إسطنبول,1
حجز,1
ننتظره,1
سأغادر,1
وإنذار,1
للإدارة,1
الالتقاء,1
أحادثك,1
حديثي؛,1
المزاح,1
أغضب؛,1
محترم,1
بنفسك؛,1
أجن,1
يزعل؟,1
بهذا؛,1
لرؤيتهم,1
ودعهم,1
وأخرجت,1
بداخلي,1
إحداث,1
يخرج؟,1
إرضائهم,1
أعماق,1
ينامون,1
أتح,1
لفهم,1
انطباعهم,1
البارحة؟,1
نحترم,1
نتناوله,1
أعلاه,1
للمهمات,1
اليومية؟,1
حاولنا,1
وأود,1
أنهي,1
للمساعدة,1
وإنهائها,1
راعية,1
تعاوننا,1
بشخصية,1
باهت,1
التماثيل؛,1
الشعر؛,1
والأصوات,1
يسحبها,1
تتحسن؛,1
الملصق,1
سيساعدونا,1
سيصدرون,1
والزلات,1
وزيدا,1
تقدمكم,1
يؤكدها,1
الهجوم,1
لتبادل,1
الرهانات,1
وبطاقة,1
وإنه,1
أقبل,1
ويظل,1
يعملون,1
شؤوني,1
أدخل؛,1
الدخول؟,1
الجاهل؟,1
تحاسب,1
لأراك,1
أخبرك؟,1
للبحث,1
سنة؟,1
أنهيت؟,1
الرضا,1
وأصوم,1
تعثر,1
رحمته,1
خسارته,1
سيختطفونني,1
فيذهبون,1
سيجلبونني,1
ويختطفونني,1
فارغ؛,1
لسنوات؛,1
أرتشي؛,1
يفعلوا,1
يورطوني,1
لنواصل,1
رشوة,1
أعذار,1
يفكر؟,1
اتركها؛,1
اعتمد,1
تعرضوا,1
وتعرضوا,1
تعبد,1
المواضيع,1
أربك,1
ووقته,1
ناديا,1
مختلطا؟,1
ارتداء,1
البجامة,1
المرتبة,1
أغض,1
وأتخيل,1
الموقف,1
أفعى,1
بكر؟,1
قتلك,1
نومك,1
أقدمه,1
بائعي,1
البائعين,1
يريد؟,1
بأيديهم,1
بالخط,1
كتابا؟,1
إخوان؟,1
كمسلمين,1
غزو,1
البحر؟,1
أميرا,1
آمنوا,1
مدعو,1
بتوفيق,1
ثلاثا,1
اجتمعوا,1
ضربوه,1
وشتموه,1
ورموا,1
الحجارة,1
وسخروا,1
تصرفتي,1
كبرت,1
السخافة,1
لتعمل,1
يناديك,1
الطلبات,1
سمعك,1
يزعجك,1
المحاضرات,1
أدق؛,1
البائع,1
مصطلحات,1
الكثيرون,1
والأولياء,1
للأولياء,1
الحفاظ,1
اسألوا,1
خطيا,1
يؤلمه,1
جسميا,1
يبذر,1
الدرويش,1
بالتقدم,1
يفتح؛,1
لتذوق,1
بالجودة,1
للتفكير,1
التفاوض,1
لينقش,1
سأبيع,1
حاضرا,1
طائفة,1
وأسلمت؟,1
الغربيون,1
الشرقيون,1
بالنصيحة,1
وأخبروا,1
عادية؟,1
مخترعا,1
عالميا,1
يتصرفون,1
ويأمرهم,1
لنحسب,1
أسامحك,1
سيقلل,1
أخسرك,1
تدرك,1
تورطت,1
ساعتك؟,1
اشتريتها؟,1
عائلته,1
ليكتب,1
الثالثة؟,1
واغفر,1
ترضين,1
تكوني,1
بوجهك,1
وأجدد,1
الموضات,1
الفول؟,1
بالذهاب,1
النهوض,1
ليتناول,1
متعلقون,1
حنيفة,1
تضعني,1
الأوامر,1
للرياسة,1
الزعامة,1
تطمح,1
الرحلة,1
أفسدها,1
الفرقتان,1
ليستا,1
عادلتين,1
حذاؤه,1
وأستمر,1
مقارنة,1
بتوضيب,1
أبشر,1
بمساعدة,1
صديقة,1
المعرفة,1
تعطينا,1
ودفع,1
أنتهى,1
مولدا,1
ويجلب,1
الفروق,1
فرقة,1
وسيتصل,1
المريض,1
سيدفع,1
أولد,1
الظلمة,1
نقول؟,1
يستهلكك,1
خيرك؛,1
أيكم,1
ذكيا,1
أخوان,1
أخين,1
بمقدوره,1
توسيع,1
السلام؟,1
يساعدنا,1
نقودا,1
للمناسبة,1
تأمر,1
أقدامكم؛,1
عيسى؟,1
مدوا؟,1
بنفسه؛,1
رافعا,1
اعتزازه,1
واعتبار,1
يعتدي,1
إسرائيل,1
فتوى,1
تهز,1
ويتواضع,1
تسريحة,1
سدى,1
استنفدت,1
قوتي,1
بالضجر,1
قضيت,1
وبينه؟,1
يتألم,1
الاستيقاظ؟,1
سنا,1
بالمواصفات,1
القراءة؛,1
النكتة,1
حرفيون,1
مزارعون,1
بدونه,1
وكتبت,1
الأصعب,1
أرضا؟,1
ماء؟,1
تنازلات,1
أكرمه,1
وابنه,1
المحمولة,1
تجدها؟,1
عذبته؟,1
يعذبه,1
تراني؟,1
حاله؟,1
النعام,1
صدره,1
يرفعون,1
التقوى؟,1
المحبة,1
يريدكم,1
سأقترب,1
والأشخاص,1
بيته؛,1
يسددها,1
أتناول,1
يأكلوا,1
وسائد,1
سجادة,1
أدنى,1
ونشفع,1
متأكدين,1
أصله,1
وورع,1
يتركونني؟,1
سيفعلون,1
الجلسة؟,1
أعلم؛,1
سيفسد,1
وجرب,1
لأتناول,1
سيرتي,1
وضعوني,1
وأموت,1
بعلامة,1
أتمناه,1
أحد؟,1
وخرج,1
يزعجنا,1
لتقرأ,1
لمراجعة,1
عاملتم,1
فاعاقبوا,1
عوقبتم,1
العفو,1
فعفوا؛,1
فحسنوا,1
أرجعها,1
ستعطيني,1
بالذنب,1
دعواتك,1
ملموس,1
تدريسها,1
نتأخر,1
سفينة,1
لنلحق,1
يستغرق,1
الإفاضة,1
يؤدى,1
وسيستغرق,1
المزدلفة,1
ويستمرون,1
عودة؛,1
بالتعب,1
والخميس,1
أنس,1
ستسير,1
جديرة,1
بالنقاش,1
صخرة,1
يعانون,1
ويتألمون,1
وذاك,1
يخنقهم,1
بالأوهام,1
ويجعلهم,1
ببر,1
يبرهنهم,1
مياه,1
يتسبب,1
يزلق,1
أخواني,1
نتركه,1
نقصا؟,1
فأشار,1
لشيخه,1
الموضوعة,1
للظلم,1
تنزعج,1
ستتفاعل,1
لأخبر,1
نال,1
تحركت,1
ومنذ,1
اللقاء؟,1
المحلي؟,1
أجريت,1
وأختك,1
وأخيك,1
عائلاتهم,1
مصلحة,1
تأجير,1
أجلس؟,1
سأجلس,1
المبلغ؟,1
لطول,1
يقيس,1
أبعاد,1
تقيسها؟,1
بقياس,1
ليحضروا,1
اللحية,1
ستنمو,1
الجلابية,1
لأشتري,1
وقلبي,1
وحرك,1
ولتتحرك,1
قدماك,1
الأغنية,1
رائعة؛,1
لفعل,1
أديت,1
مناسك,1
وأنتم؟,1
الصغيرة؟,1
ويعطينا,1
المليونين,1
مظالم,1
الشخص؛,1
استعادته,1
أتباعه,1
مليارا,1
شفع,1
أغيب,1
سحبوه,1
أطرى,1
نشطين,1
المقام,1
رآهم,1
ومشى,1
عاطل,1
ويجلس,1
فليس,1
كوبا,1
المعاكسة,1
وقرىهم,1
يخدمه,1
للإنسان,1
تعنون,1
دعاة,1
يحتاجونكم,1
وتجني,1
لعملك,1
لشهاداتك,1
قطة,1
لقارون,1
المصلحة,1
اقم,1
بالجلوس,1
وأخبرني,1
نابليون,1
وفرنسا,1
يشكلون,1
بلدا,1
ملكهم,1
الإسلامي,1
يشتمونه,1
سأعيش؟,1
رفيقا؟,1
سيتشتت,1
صدق؛,1
تتصور,1
أغتنم,1
أستغل,1
تفاجأت,1
لتخفيف,1
آلامه,1
وتنأى,1
توازني,1
مغفرة,1
يستهزئ,1
صادقة,1
نعسانون,1
رآك,1
أتعاب,1
لخير,1
عرفة؟,1
كرره,1
وضرب,1
سيكسر,1
وجلس,1
الطلاق؟,1
مسلم؟,1
أطلقه,1
فعلوا,1
عذر,1
نتعلق,1
بمعتقداتنا,1
ادعني,1
سأشتكي,1
سيشتكي,1
مضيعة,1
ليجلس,1
قبلوك,1
دكان,1
يعرفهم,1
وستون,1
واتضح,1
الصفر؟,1
يقرأها,1
لدروس,1
تفهم,1
وأتصل,1
بأخي,1
أقرأه,1
الرسول؛,1
لإبهار,1
يقارن,1
بطانيتين,1
الطين,1
واليسار,1
يتخلون,1
سيتذكر,1
خلعها,1
بالراحة,1
فقدت,1
أطلعك,1
إضحاك,1
خائفا,1
فاستأنست,1
وضبع,1
زمانه,1
الضبع,1
أقنعني,1
يغطيه,1
الظن؛,1
الرهبان,1
يشاءون,1
ستجدهم,1
التجارية,1
وستجده,1
المحاكم,1
نحمد,1
تتوضأ,1
أضعاف؟,1
يتلقى,1
فرصته,1
أعوضهم,1
بضاعة,1
بمقدورنا,1
ونواجه,1
صعوبات,1
برودة,1
السلام؛,1
بالضيقة,1
والشدة,1
والصعوبات,1
تتعامل,1
الزجاج,1
فكسره,1
خياطته,1
بالفائدة,1
ويدفعه,1
للشعور,1
بالرضا,1
نختتم,1
قرة,1
وتدركون,1
عظيم,1
سعادته,1
هاتفه,1
الباكر؟,1
اعفها,1
النقبة,1
باسمك,1
باسمه,1
أكون؟,1
أصطاد,1
ترى؟,1
لجلوسكم,1
للاختبار,1
ونوزع,1
سؤالا,1
مصحح,1
للأستاذ,1
سنعمل,1
تسكنها؟,1
ستتزوج؟,1
الإذن؟,1
مطالبون,1
ليتبنا,1
فشخص,1
بترتيب,1
يريسك,1
وضعيها,1
ليشربوا,1
لطيفة,1
وتزوجيه؛,1
نظمنا,1
لطاعة,1
لنناقش,1
الطلاق؛,1
بتطليق,1
سيفارقك,1
بنذره,1
نقرأ,1
لفلان,1
أخفوا,1
خطتك,1
مقتصدا,1
ارتدائها؟,1
قفصا؟,1
يخنقك,1
عنيدة,1
فسألته,1
لتطلقها,1
تضربين,1
سألتك,1
وأرسلت,1
نصية,1
نسألها,1
موافقون,1
أمرها,1
الميزانية,1
ميزانية,1
المصروفات,1
عموما,1
وسنة,1
تجئ,1
الستة,1
معونة,1
حضرتوه,1
نموذجية,1
أذهاننا,1
المراجعة,1
مبدعون,1
مجالات,1
آفاقا,1
مساعدتنا,1
نشيدون,1
ملحنون,1
أبيات,1
نتجه,1
مدربون,1
التأهيلية,1
برمجيات,1
للتسجيل,1
بأمور,1
إدارية,1
تتقنها,1
بأخذها,1
ببرمجتها,1
سنعيش,1
يتأمل,1
ونتحدث,1
ياليت,1
سنقول,1
الكائنات,1
وثامن,1
بعملهم,1
أمورهم؛,1
أصحابهم,1
واشترى,1
تجعلونها,1
أتعادل؟,1
وربط,1
بسارية,1
تقولوا؟,1
أساوي,1
يتزوجني,1
يتزوجك؟,1
جامعي,1
الراتب,1
منخفض,1
أتزوجك,1
تأخذين,1
مصروفا,1
عقلاني,1
والساذج,1
تمر,1
وأواجههم؟,1
تنتظر؟,1
فليحمل,1
وليحفظ,1
بعضا,1
واجتهدنا,1
المعهد,1
يخصكم,1
سيسافر,1
صباح,1
الغد,1
لديك؛,1
ليومك,1
ألحق,1
نفسك؟,1
تنزل؟,1
أجلك؟,1
تحلى,1
سيتبعك,1
ساخن,1
برأسك,1
ميله,1
تشرق,1
تتسير,1
مات؛,1
يصلى,1
اغفر,1
وكثرة,1
قوله,1
ليتدققوا,1
محور,1
اهتمامك,1
موصولا,1
ربك؟,1
أتيت؟,1
فيجيب,1
تجعلهم,1
تفعله؟,1
يمرون,1
فيجدون,1
مشابها,1
ويريدك,1
درستها,1
تسألني,1
الفطنة,1
والذكاء,1
السذاجة,1
ليضحك,1
وذهبوا,1
وغطت,1
عصا,1
عكاز,1
رذاذا,1
ويضع,1
لاصقا,1
شفافا؟,1
مدعم؟,1
بالأحمق,1
أخدع,1
المخادع,1
يعتبرها,1
يعتبرها؟,1
المشركون,1
تسللوا,1
مسجلون,1
للدروس,1
طلقتها؟,1
وطلقتها,1
أيام؟,1
مهره,1
عجيبة,1
ومساعده,1
نعم؟,1
يعتبر,1
وفقك,1
سيسمح,1
الكابتن,1
مريضا,1
يتفكرون,1
يشغلون,1
يفكرون,1
النووي,1
معادلا,1
الضحى,1
غياب,1
بالحضور,1
وتخبرني,1
أشهد,1
العربي؟,1
حيال,1
تعذر,1
تر؟,1
الذهاب؟,1
يفترض,1
رامي؟,1
طموحات,1
أشقاء؟,1
متعودون,1
أولادهم,1
يمتنعون,1
أرزا,1
تدليل,1
أولاده,1
هاتفا,1
والأوراق,1
أريدكم,1
توزعوا,1
والميزانية,1
وأخوته,1
معطفا,1
لأجله,1
دفع؟,1
يخضع,1
لعلاج,1
الأسنان؛,1
إخواننا,1
يكفيهم,1
يكفيهن,1
يتبعن,1
سريعة؟,1
الوجبة,1
تحضيرها,1
للتوضيح,1
مررت,1
ووجدتهم,1
يحملون,1
والعشرون,1
كرماء,1
تشعر؟,1
أحذف,1
بإمكاننا,1
بجنيه,1
وتين,1
نعتبره,1
كماليون,1
فوائد,1
اكتفيت,1
للشفاء,1
جائعا,1
البيت؛,1
وطعام,1
ساندويتش,1
تفطرينه,1
مسؤولة,1
تتوافر,1
الحاجات,1
وتدرس,1
لغيرتم,1
الأرقام,1
وتلتحق,1
تعطني,1
أصدر,1
الضجيج,1
ودخلك,1
ميزانيتك,1
نزيدكم,1
لمساعدتكم,1
الإخوان,1
والإخوة,1
يساعدون,1
التدريبية,1
سيتعبون,1
استثمار,1
أرباحها,1
تساعدك,1
وابحث,1
سيحل,1
تدرون,1
حافظنا,1
وانظروا,1
للزيارات,1
مرات؛,1
اتخذ,1
برأيها,1
أوضحت,1
يتمم,1
الزوجين,1
السفر؛,1
برأيك,1
وتستيقظ,1
شأن,1
بتمثيلية,1
نعرضها,1
ابقى,1
أجفف,1
يكونون,1
نازلا,1
حيرة,1
المريخ,1
للأجواء,1
منزلهم,1
أصر,1
بالغش,1
فاجأتني,1
مرحلة؟,1
استفسارات,1
بأموري,1
تعنيه,1
تتحدثان,1
الأعمار,1
أستاذي,1
حساسة,1
أسألك,1
تؤاخذه,1
أليسوا,1
انتهى؟,1
أسمعك,1
وصهرنا,1
المشاوير,1
لزوجتك؟,1
جالسان,1
تقول؟,1
أخبرها,1
بمستوى,1
وإدارة,1
واستراتيجياتك,1
تخبرني,1
أنجزت,1
بطلاء,1
ستناقش,1
نجتمع,1
أخواتي,1
متزوجات,1
تتذكرها,1
لتخبرها,1
يسامحن,1
يتفطنوا,1
ذاهب,1
عقدها,1
ستقضي,1
نموذج,1
وتغير,1
طريقتك,1
خطة,1
لتتمكن,1
أبها,1
مخطوبا,1
أصيح,1
شهر؟,1
لإرضاء,1
الحقيقة؟,1
وردة,1
تغادر,1
الوردة,1
واذهب,1
وتطلب,1
زوجاتهم,1
الأخ؟,1
تعتد,1
وأمها,1
معظمهم,1
يوفر,1
والاحترام,1
إظهار,1
العناية,1
والمنزل,1
حافظة,1
لحوالي,1
طالبة,1
الأجوبة,1
صمتك,1
تود,1
تخبرنا,1
نغادر؟,1
بالدرس,1
ضيقه,1
بيده,1
ومزقه,1
تتقبل,1
تتضرع,1
قبضا,1
لعملي,1
ملعقتين,1
ستبتلع,1
الثانوي,1
والمجموع,1
يفتحها,1
للصعق,1
بالضيق,1
وينصدم,1
بيننا؛,1
والدي؟,1
لتفهمه,1
صاروخ؟,1
معادلة,1
رياضية,1
دراسته,1
معطر,1
خيط,1
ترشه,1
حواسك,1
ستتمكن,1
للحفظ,1
ممتعة,1
وتنظم,1
أفكارك,1
أكملوا,1
تتفوق,1
ومنزله,1
حفظك,1
تقبيل,1
تبقى؟,1
وعدك,1
والدتك؟,1
محقة,1
معنا؛,1
الحماس,1
لت,1
بجمالية,1
مكتبي,1
ورجلي,1
ملتفة,1
لنصف,1
الرتبة,1
العلب,1
أجرهم,1
أبت؟,1
نريد؟,1
لأقبل,1
ليعيش,1
الدجاج,1
ليكمل,1
وخمسون,1
عملكم,1
الصبر؛,1
سألك,1
فقل,1
مشاعري,1
مكسور؛,1
خذلتك,1
جميعنا,1
وتحضر؟,1
وأولاده,1
أعاقبك,1
بشرى,1
وسيقول,1
محاسبتها,1
عظم,1
نفسه؛,1
أستاء,1
تزعجيني,1
المخدرة,1
تبقيها,1
الزجاجة,1
زجاجته,1
يدخن؛,1
الشيشة,1
التحمل؛,1
أعنيه,1
للتراجع,1
تابعك,1
محام,1
وسألته,1
تغلي,1
يصفق,1
يجعلك,1
متزوجا,1
أويس,1
المؤمنين؟,1
لكنت,1
عمرا,1
بأمه,1
بأبيه,1
يعق,1
دعاؤه,1
يسألنا,1
بضيقتنا,1
وراتبي,1
أكره,1
يكفيني,1
خطيرا,1
أجل؟,1
وزارهم,1
تعتذرون؟,1
معصومة؟,1
والمشكلة,1
سعيد؟,1
عليا؟,1
أموركم,1
تتعرض,1
للتعقيد,1
يطيرون,1
تسكنان,1
تأخذه,1
يدعمك,1
واخطب,1
ستحمل,1
شكره,1
وأخطب,1
أطعم,1
أموره,1
إحضاره,1
شرابا,1
الكحول,1
بيرة,1
متوقعة,1
يعيشا,1
حلال؟,1
الاستئجار,1
ليأخذها,1
للراحة,1
لليلة,1
الامتحان؛,1
تنم,1
صحة,1
الكرواسون,1
للغداء,1
دعهم,1
يغطيها,1
أسمعه,1
سيسير,1
وهزتها,1
لتركها,1
نبي؟,1
النبي؟,1
لإرضائه,1
وزدتنا,1
الأكرمين,1
ورشة,1
وربع,1
سأعمل,1
الأحكام,1
الشرعية,1
والأحكام,1
الحياتية,1
نرجو,1
والقانون,1
للدوام,1
مخطوبة,1
هم؟,1
واذهبي,1
وتتحدث,1
بالإحباط,1
محارم,1
يتداولون,1
بشيء؟,1
بالموظف,1
اغلقه,1
شيخا؟,1
التلاعب,1
ويؤذيك,1
البنت؟,1
وابنة,1
وسأسجل,1
مددت,1
يدك؟,1
أمرين,1
امتحانا,1
تتحققين,1
للسفر,1
مدعوا,1
لتناول,1
ووالدته,1
تحبها؟,1
الجامعات,1
يده؟,1
نتضايق,1
يسترنا,1
شغلتان,1
ليمشي,1
معها؟,1
فأس,1
يلمسها,1
حبيبي؟,1
أطمئنكم,1
والشباب؛,1
الخطوبات,1
المخطوبات,1
وذهبنا,1
وجئنا,1
وسأخبرك,1
بمدة,1
تواجدي,1
وسألوا,1
بكلمات,1
ملائمة,1
سترجعين؟,1
المستهلكة,1
كنافة,1
سيأكلونه,1
المخطوبة,1
وقدمت,1
ينزلها؛,1
مباحا,1
يفرض,1
يسانده,1
أتع,1
إقراضك,1
شيئا؛,1
وصائما,1
مستحب,1
ستغادر,1
أتبع,1
كذلك؛,1
زوجي؛,1
يأخذك,1
عارفا؛,1
يركع؟,1
وأنكحوا,1
وإمائكم,1
ويصبح,1
مفيدا,1
ابنك؟,1
يتوضأ,1
ليتوضأ,1
يعبئ,1
خذيه,1
واتركيه,1
انظري,1
التاكسي,1
درس؟,1
جاء؟,1
يجلس؟,1
تقرأه,1
يوسع,1
آفاق,1
ويرتبط,1
بجوهر,1
بوعيها,1
وعيه,1
ردود,1
أفعالك,1
والعائلة,1
ومليار,1
أغلبهم,1
يقعوا,1
الجامعة؟,1
وإجازة,1
متورطا,1
لكسب,1
الثواب,1
وشاحا,1
لتضعه,1
استئجار,1
سأتزوجك,1
يضعوا,1
أبناء,1
مشمولين,1
الخيرية؟,1
للجمعيات,1
أسكن؟,1
نسألك,1
جدول,1
منتظم؟,1
وتساعدونني,1
الجداد,1
تقيا,1
وعقل,1
أفتقده؛,1
يتقاتلون,1
يتشاجرون,1
مودة,1
لأحدكم,1
وصالحة,1
ولديها,1
ليتقدم,1
لفتاة,1
بزواجه,1
ليفتح,1
ستذهبين,1
ستغلق,1
قبولها,1
نفسيا؟,1
يقتنع,1
أستطيع؛,1
خديجة,1
عامة,1
عنها؟,1
مسلمة,1
المتبقي,1
سيرتها,1
مشغولة,1
تريدون؟,1
وأحدهم,1
موضوعه,1
الجذاب,1
وجماله,1
الآباء,1
سأعطيها,1
للمعلم,1
صحي,1
ونساعده,1
اتصلوا,1
بجلب,1
وأخي,1
وأختي,1
الصغار؟,1
يعيقك,1
أحفظها,1
فليأت,1
يمنع,1
أخت,1
بروحه,1
وسنقوم,1
وأمي,1
حميدة,1
عيادة؛,1
ستعمل,1
بجد,1
يخدعك,1
عودي,1
ويتأمل,1
أذكرها,1
مؤدبة,1
دين؛,1
الانتماء,1
أعتزم,1
خطبتها,1
الصالحة؟,1
تطيع,1
الزواج؛,1
يشترك,1
صفحتها,1
تلتفت,1
لخطبتها,1
أصدقاؤها,1
تتواجد؟,1
أنابيب,1
جميلة؟,1
أدخلت,1
سيغادر,1
افتحيه,1
صعد,1
النزيف,1
أحيي,1
الطيار,1
أعداءها,1
ضرائر؟,1
ينفذ,1
الأكاديمي,1
تفهم؛,1
الجالسة,1
وذهنها,1
ويمكنني,1
حماتي,1
وشعرت,1
أخجل؟,1
بالأسئلة,1
ستخطب,1
بيتها؟,1
تبعتها,1
أسرق,1
النظرات,1
قالت؟,1
محمول,1
السرفيس,1
التراكم,1
ظروفي,1
سأتزوج,1
معياري,1
لزوجها؟,1
الفتاة؛,1
منزلكم,1
ليتمكن,1
لابنتك,1
جوابان,1
تحتاج؟,1
ويستشار,1
محبوبتي,1
قادة,1
وحيل,1
قال؟,1
متى؟,1
للقيام,1
أملأ,1
استمارة,1
ولتحصينك,1
وأخذتك,1
أشقر,1
ويشاهد,1
بالأولاد,1
لأكتب,1
سيأتي؟,1
حسيبة,1
بإحضار,1
أحبت,1
محترمون,1
تعيشون,1
صدركم,1
المترابطة,1
أفتقد,1
مفككة,1
حجزنا,1
وإذ,1
وسادتين,1
الكنبات,1
تأخذوا,1
النظافة؟,1
لتشرب,1
الكوب؛,1
مطبوع,1
بصمات,1
أصابع,1
أحبتها,1
يفهموا,1
ومكان,1
تحبني؟,1
نظيفين,1
معهم؟,1
تضغط؟,1
ستعاني,1
أخفيت,1
القضية؟,1
وأم,1
لتكتبها,1
وتعطيها,1
سيسمحون,1
المقبل؛,1
المجموع؟,1
يناسب,1
ستتعرف,1
ستعرفهم,1
عم؟,1
الفقه,1
بالخطبة,1
سنحدد,1
أتقنها,1
سأنتهي,1
باتخاذ,1
متداخل,1
استعدوا,1
للجلسة,1
تتفائلوا,1
شراكة؛,1
خاطئا,1
محاسبتنا,1
جلاله,1
للرياء,1
كرسيا,1
مواجها,1
لماكينته,1
عاريا,1
وأرسمه,1
جعلوا,1
سيتمكن,1
وسيعطيك,1
والآخرة,1
ستتخلص,1
فيلما,1
يضعوني,1
ومعدلهم,1
معدله,1
أمامها,1
بخفضه,1
الأمر؛,1
يجيء,1
عينته,1
لأصل,1
متنا؛,1
وظيفية,1
العدل,1
يحرره,1
مقيد,1
قيوده,1
ابتعد,1
الابتعاد,1
بالكرامة,1
أرسلي,1
للاختلافات,1
نشاركها,1
مطبعة,1
طباعة,1
مكتبية,1
نقدمها,1
تضحية,1
وتتقاضى,1
لأختك,1
يجبرك,1
مفروضا,1
أنفقت,1
متبقية,1
اللحمة,1
أطلقتم,1
مدفعا,1
بجانبي,1
تتزوجيني,1
هاتفية,1
نتزوجك,1
حياته؛,1
الاستغناء,1
يزعجك؟,1
تزعجني,1
أزعجني,1
أزعجك؟,1
بالقيام,1
بالمسؤولية,1
ورغم,1
جائز,1
بالعفاف,1
ألحن,1
اللحن,1
لأخ,1
ليغنيه,1
بتدوينه,1
أغاني,1
بتلحين,1
لحن,1
سيغنيه,1
مشتركة,1
ارفعي,1
والرجل,1
شأنك,1
مدام؛,1
تاتي,1
تظنين,1
وترسلها,1
بعيدا؟,1
وتخبريه,1
أطبخ,1
لتساعديني,1
أنتن,1
تردن,1
متطوعة؛,1
يرغبن,1
أنفسكن,1
للخطوبة,1
ووالدتها,1
الفهم,1
التقدير,1
الترتيب؛,1
الحالات,1
طبية,1
الاختلافات,1
نكتبها,1
طبقا,1
دعيه,1
يدرب,1
ابنك؛,1
سيتعلم,1
ليخبرني,1
يضحي؟,1
الوحدة,1
تعليم,1
رعاية,1
اللقطة,1
وشهر,1
سأستمر,1
العيش,1
أولوياتك,1
أرسلك,1
إلي؟,1
جاهزين؛,1
أسمع,1
تنتقد,1
المال؟,1
أخطب,1
الزوجية؟,1
تختلفان,1
ذاتي؟,1
تقوله؟,1
البناية,1
ببيجاما,1
رآه,1
الحديقة,1
وصغرهم,1
أهمله,1
وحيدي,1
سيسلم,1
سيخبرونك,1
بإخبارهم,1
يردون,1
طعامي,1
وشرابي,1
وأخرج,1
وأنام,1
صدر,1
بالسجن,1
سيتغير,1
للمجتمعات,1
الأطفال؟,1
الشوارع,1
جئتم,1
تأتون؟,1
يواصل,1
إسلام,1
سأصلح,1
سأفي,1
بحاجته,1
لنخبره,1
البادية,1
الجفاف,1
بمقابل,1
الطيب,1
تفهمي,1
لتمنحيه,1
الدفء,1
تعرفين,1
وسيتسبب,1
الارتباك,1
ستقبلين,1
الكلامية,1
تخفض,1
مكانتها,1
وستعينك,1
فحسب؛,1
هراءك,1
ارحمهم,1
فحم,1
والخطبة,1
انهضي,1
معجونة,1
ومخلوطة,1
بصدد,1
اليوم؛,1
وتقرأين,1
تجدي,1
أغلقه؛,1
تتظاهرين,1
رآها,1
للدفاع,1
بالكنزة,1
ضربته,1
بمطرقة,1
أدعيته,1
خدمتك,1
لابنك؟,1
تزوجته؟,1
يجتمعون,1
ذهنه,1
اعتباره,1
العلاقات,1
الاجتماعية,1
اجتماعا,1
عائليا,1
شهريا,1
يجتمع,1
مرتاحة,1
لأنا,1
سيأخذني؟,1
الوالدية,1
الأبوة,1
الأمومة,1
والتناغم,1
الرائحة,1
برزت,1
شاعريتها,1
تأخذنا,1
تخجل,1
آسيا,1
تبتلى,1
يأتيه,1
جاءته,1
فضلكم,1
ابتعدوا,1
يكتبونه,1
سيعرف,1
سيكتبن,1
أزواجهن,1
خيارا,1
خيار؟,1
لنفس,1
أكبر؟,1
كتبتها,1
أعبر,1
دوافعي؟,1
أجلب,1
فقط؛,1
إليك؟,1
أتخيل,1
غرضين,1
بكوعه,1
فتاة؟,1
وماذا؟,1
وأدارت,1
التحمل؟,1
أهله,1
أقضي,1
وأقطع,1
أستقبل,1
ديكورا,1
للزواج؟,1
يجلسن,1
والنساء,1
ستدور,1
إضمر,1
مطلوبان,1
ضمهما,1
مطلوبون,1
حلقة,1
الواقف؟,1
تحلوا,1
لتحديد,1
بصمت,1
متحفظا,1
يراقبني,1
كثب,1
مخفيا,1
يرفعه,1
الهدوء,1
يتابعهم,1
اكتم,1
يخبر,1
اعطه,1
يتساءل,1
صفرا؟,1
أخذوا,1
نائمين,1
قبلها,1
صنع,1
يطمئن,1
وشخص,1
للذهاب,1
الأنس,1
بهيئة,1
مشاغب,1
أبتسم,1
ألهو,1
سأكتب,1
الخطوبة؟,1
التواصل؟,1
والأسرة؟,1
وتقرأ,1
بأسرتك,1
وقام,1
تعزز,1
والعائلات,1
فبلغت,1
وخمسة,1
يتبع,1
بالأرقام,1
الفيديوهات,1
للتسلية,1
أقود,1
ماسة,1
بزوجته,1
متزوج؟,1
أتطلق,1
ستمر,1
تأهيلية,1
الأسوأ؟,1
الأسوأ,1
يجربه,1
بالتوجه,1
١٠٠,1
أغنية,1
نظرية,1
يجدوني,1
وانزلقت,1
يطلقها؟,1
اللين,1
حالات,1
زفافنا,1
طريقتها,1
وننفتح,1
لأولئك,1
الرأس؟,1
وللبنت,1
الزواج؟,1
ابقي,1
حرة,1
السجون,1
فنصفه,1
الأسرة,1
مدمرة,1
أسرنا,1
للشاب,1
ويعقد,1
أبي؟,1
عليك؟,1
زوجتي؛,1
يقدمانه,1
تريد؛,1
المدني,1
والحرام,1
وأخذ,1
البعض؛,1
يخبرنا,1
تذكرون؟,1
موجود؟,1
الخطيبة,1
ابدأ,1
وتتفهموا,1
استضافني,1
وأغلقنا,1
يتدخل,1
برأيه,1
قبيح,1
هادئ,1
سنصنع,1
أفلاما,1
تكتسب,1
الأسرية,1
وينوي,1
ارتديته,1
سأزور,1
المريض؟,1
ضحكة,1
قاضيا,1
القاضي؟,1
الخجل؟,1
جارا,1
جيدا؟,1
المحزن,1
تضيع,1
أنسى,1
رتبة,1
أنافس,1
يتعالى,1
أريه,1
السعي,1
بنتا,1
ابتلاني,1
سكنة,1
سيخطر,1
بشاب,1
بالأوراد,1
بوالدي,1
وأخدم,1
ليأخذني,1
لوجهه,1
ليخدموه,1
أدى,1
يكافئني,1
خدمة؟,1
تعمر,1
مكاسب,1
لأشهر,1
معاني؛,1
والسلطة,1
بسط,1
الحصيرة,1
لأراها,1
املأوا,1
تعطوني؟,1
نعطيك؟,1
مفضل,1
أعور؟,1
تزوجه,1
يأخذها,1
بأني,1
فالمجموع,1
حضن,1
بطلة,1
مخطوب؟,1
البكالوريا,1
وأبيع,1
أزوجك,1
مرتبك,1
معاداة,1
البشرية,1
يزيل,1
الغبار,1
والأوساخ,1
ووالدتك؛,1
جلسوا,1
ويتمازحون,1
أعرفك,1
متشددا,1
سيقتلك,1
سيخنقك,1
سيزعجك,1
سيفجرك,1
ليخاف,1
ابتلعت,1
قصد,1
صومك,1
القطعة؟,1
تسلمون,1
ونتخلص,1
أتوسل,1
صدرك؟,1
واستقروا,1
مكتوب؟,1
تتزوجي؟,1
وانظري,1
السهرة,1
ستحتفل,1
بسنة,1
ويسأله,1
بصحبة,1
أتذكرك,1
بفخر,1
ذهابا,1
وساعة,1
إيابا,1
ساعتان,1
تكفيان,1
دبليو,1
الناس؟,1
إثم,1
الثبات,1
زجاجتين,1
أتحسن,1
بالتيمم,1
عاجزة,1
وموجودة,1
ليأتوا,1
ويخدموها,1
ويساعدوها؟,1
الجارة,1
القريبة,1
وبخير,1
نجوت,1
زمنه,1
وحمامات,1
للجمعة,1
تصلى,1
سيجد,1
أنسا,1
والتهجد,1
سيكرمنا,1
الخمسينات,1
الستينات,1
السبعينات,1
الآخرة؟,1
مندفع,1
ومصر,1
ليستجيبوا,1
يلبيك,1
ويرتدي,1
غاضب,1
أثرت,1
قاله؟,1
يجزي,1
آتيناه,1
اللدني؟,1
يضايقك,1
ويفسد,1
مزاجك,1
إقالة,1
سأمضي,1
ألغيتها,1
يطول,1
بالصدفة,1
لنغيظ,1
فيأتي,1
المختلط,1
أخ؟,1
غفروا,1
جاهلا,1
بالخروج,1
ارتكب,1
أركان,1
أبوك؟,1
صليتم,1
متعبا,1
مرتاحا,1
تتغيبوا,1
بصورة,1
تأتيك,1
معرفته,1
الدينية؟,1
شرقا,1
وغربا,1
الابتسام,1
وأمزح,1
وألعب,1
نكتتي,1
السجود,1
ونخدم,1
داع,1
كنز؟,1
وللجامع,1
أقم,1
بالأذان,1
فتاتين,1
عقلي؟,1
يتصدق,1
وينفق,1
جاءك,1
تأتوا,1
الهاتفية,1
حضر؟,1
أقع,1
لأتذكر,1
وأستغفر,1
وصلاة,1
وأحضروا,1
سلوكه,1
تظنون,1
نقوله,1
فيكم؟,1
هداية,1
قلها,1
بحكمة,1
لحيته,1
خطيرة,1
جاهزون؟,1
اسأل,1
بالرعب,1
كعملية,1
ليسعدك,1
ليرفعك,1
ليرفع,1
ليسعدهم,1
قاعة,1
ويحتاج,1
لهؤلاء,1
سيأتون,1
وتأثيث,1
لتقول,1
لوضعه,1
خفضوا,1
ارتديت,1
الجسم,1
هدئ,1
ملابس؟,1
سيشتري,1
بحفل,1
وأحضرتني؟,1
القرية,1
مدعوة,1
للركبة,1
خاصته,1
واتصل,1
شقيقتنا,1
ادعوا,1
فالطفل,1
يولد,1
وظيفتي,1
خادم,1
وينسى,1
لوالدي,1
والسجود,1
والقيام,1
والدعاء,1
سأعدل؟,1
لأبيه,1
يعوضه,1
شاب؟,1
قوي؟,1
جلد؟,1
العطلة,1
الصيفية,1
لينجز,1
عطلتك,1
صافية,1
جزاهم,1
حدوثه,1
يتحقق,1
بلعبة,1
تتناقص,1
يغسل,1
يطبخ,1
يحضرون,1
وساطة,1
لإعادتي,1
نصبا,1
تذكاريا,1
للمخلوع,1
تأتي؟,1
تسرع,1
يقوموا,1
وعذرا,1
ترني,1
فسألت,1
أهلكه,1
استقر,1
القوافل,1
واد,1
متظاهرا,1
سهر,1
طامة,1
الطامة,1
تجعلكم,1
وثلاثة,1
أنجزه,1
وأمضي,1
سجدة,1
وصدقا,1
بعبدك؟,1
صفة,1
تبعدنا,1
جانبا,1
راحتي,1
جماعية,1
لأصدقائه,1
مسرفا,1
أقامهم,1
يوفي,1
سيدتنا,1
اعتكافها,1
فليستأذن,1
إمام,1
أدنى؛,1
والأرز,1
ويبيع,1
والدعوة,1
تحفظ؟,1
نتفقد,1
ونقفل,1
المسجد؟,1
وخطبا,1
أرنب,1
وفهمت,1
موظفا,1
دماء,1
أريقت,1
أعناقكم,1
تسلموه,1
استيقظنا,1
مرئية,1
يجمل,1
دمه,1
ليهبط,1
سنتان,1
الهم؟,1
نصفنا,1
عيونهم,1
والدراسة,1
عيناك؟,1
أصابك,1
أصابني,1
رجلاك,1
تبذل,1
كأستاذ,1
تطلقت,1
حديثنا,1
الحبشة؟,1
عجوز,1
يقيمه,1
صالة,1
وضعتهم,1
للتنظيم,1
سوسة,1
الكسوة,1
صرفتهم,1
سأعوضها,1
الأواخر,1
أكل,1
يوجد؟,1
وخبز,1
تأكلها,1
تذوقوا,1
يقيدك,1
يصليهم,1
أستغيث,1
أفرح,1
أختلي,1
ومناجاة,1
أقول؟,1
الأمارة,1
وأضاء,1
الأضواء,1
يحرج,1
وإنما,1
أعقل,1
توضأ,1
فقهية,1
حياتية,1
وعائلتي,1
أسلمك,1
عقدا,1
تعجبها,1
ليعودوا,1
ذاهبون,1
شهيدا,1
للمؤمن,1
الأحياء,1
أحسد,1
يصدقون,1
التزاما,1
بفروضك,1
أجدها,1
لسماع,1
لستم,1
بعيدين,1
رفاق,1
السوء,1
تقولان,1
شلالا,1
أغرقه,1
يعين,1
كوالي,1
مرسوما,1
مساجد,1
تقوموا,1
بإعطاء,1
الورشة,1
بلاط,1
تعملون,1
سأنتظرك,1
مقتنعا,1
لساعة؟,1
ساقي,1
قف,1
سنلتقي,1
سنجتمع,1
ماتوا,1
دعك,1
سيمحى,1
وسيحمون,1
لمجلس,1
الأثاث,1
أغلقها,1
لبعضهم,1
النصف,1
الثلث,1
ومهما,1
تكسب,1
لحاجاتك,1
وجزءا,1
لتتصدق,1
أيقظك؟,1
لبناء,1
المستشفيات,1
والمدارس,1
وفاتورتها,1
وعلينا,1
نصيبكم,1
خيرية,1
تعرفها,1
موثوقة,1
وتسعى,1
لتحضر,1
خبز؟,1
أرضك؟,1
الغيمة,1
تبرع,1
واساه؟,1
سأغلقه,1
وأقل,1
الفريضة,1
أشكو,1
لأجلك؟,1
تجلسوا,1
وتمني,1
قروي,1
الاستماع,1
ساعة؟,1
واعمل,1
أغراض,1
لذاك,1
ويخاف,1
تشعله,1
نهضت,1
وتوضأت,1
نوم؟,1
استيقظوا,1
النائمون,1
أتباع,1
يقمعون,1
ولمتابعته,1
أخلاقه,1
أعماله,1
الظالم,1
ومؤمنا,1
مؤمنا,1
للعباد,1
وأصدقاؤك,1
تتولى,1
المحادثة,1
سيبدؤون,1
رأيتني,1
لفت,1
انتباههم,1
الممر,1
يلتقط,1
مستغربا,1
بقراءة,1
أذكاره,1
وأوراده,1
يقيمونك,1
ويضعه,1
الصفحات,1
لتسترخي,1
فالإسلام,1
لنتابع,1
ألقيت,1
الأستاذ؛,1
ووقفت,1
هالة,1
وهالته,1
الإيمانية,1
أصافح,1
بالإحراج,1
تصدره,1
سيساعد,1
مقصرا,1
ضيقك,1
يزول,1
الهيبة,1
وأجعل,1
عمق,1
يميل,1
درجات,1
تميل؟,1
حضرته,1
لنصم,1
غفر,1
مغفور,1
يكثر,1
فلينم,1
عاص,1
إثما,1
يفطر,1
عابر,1
يستهزأ,1
يثاب,1
وللذين,1
تنوين,1
يتيما,1
تكفل,1
فذهب,1
تشاجرت,1
البقاء,1
ليومين,1
متورط,1
لزيارتها,1
وأتى,1
يتحرر,1
البائس,1
يغرق؟,1
يحبس,1
وسيظل,1
الأفعال,1
خائفة,1
يظلمون,1
ينتظرني,1
ينتظرك,1
والحزن,1
داعما,1
بكتفك,1
نصرته,1
والشرب,1
الأقدام,1
لإعادتهم,1
لله؟,1
خالفتني,1
المحاسبة,1
الوجود؟,1
يمسح,1
محوي,1
سريره,1
علامات,1
الشيخوخة؟,1
أقوالا,1
مفهوم,1
آذيتنا,1
الشيخ؟,1
أقدام,1
الأمهات,1
سأحضره,1
وأقرأه,1
يقطعونك,1
الهروب,1
الأسرى,1
يراه,1
سأصرخ,1
يتحرش,1
تصبح؟,1
تأخذ؟,1
أسيرا,1
أروي,1
الكلمة؟,1
والدليل,1
متعددة,1
يكرم,1
الإسراء,1
كهفا,1
وقذارة,1
وأوساخ,1
يحس,1
يرحمك,1
تقترب,1
لعبادة,1
أكرمنا,1
بأخ,1
فرغ,1
كإخوة,1
العيد؛,1
صلينا؟,1
أرحل,1
نضبطه,1
وانتهت,1
الإحياء,1
الخمر؟,1
رجلك؟,1
تضايق,1
أعادك,1
استأذن,1
يعرفنا,1
استقمت,1
يستقيموا,1
بمعناه,1
أمره,1
واطرقوا,1
بابهم,1
وقولوا,1
ابنتكم,1
ليتزوجوا,1
تمنع,1
وعقودها,1
استقامة,1
رفيقا,1
نفحة,1
إيمانية,1
وأغادر,1
أختلط,1
أبيع,1
أؤجر,1
أمرض,1
ومطمئن,1
ويؤخر,1
مسبحتك,1
وتجلس,1
ومدده,1
دموعه,1
الدمعة,1
يعصر,1
ويضغط,1
ويعصر,1
طاعة,1
أحببها,1
ينظر,1
بخط,1
معلق,1
والزكاة,1
يفتحه,1
يصلي؟,1
بحرام؟,1
مخلوقة,1
مسكينة,1
إعطائها,1
ليرة؟,1
وجدتها,1
هادئة,1
كاشف؛,1
وعرضت,1
كمدير,1
أشتريها,1
المعاملة,1
آخذها,1
ثقافة,1
حاميها؛,1
اندفعت,1
فأقول,1
بالتحرك,1
يتعاطى,1
وبطريقته,1
إضاعة,1
بأمانيكم,1
الصيغة,1
وحلوى,1
للإسلام,1
تقصد؟,1
فالآن,1
مجاهدة,1
الغاضب؟,1
وطلق,1
البلوري,1
انكسر,1
الحكم؟,1
بالتبول,1
سيعطونهم,1
سيطبعون,1
أترى,1
إبليس,1
فليدمر,1
نظرك,1
الجالسين؟,1
يسيطرون,1
سأجد,1
بعيدون,1
يقعون,1
تأديبا,1
أحاديث,1
الحبائل,1
يحاصر,1
سيأكلون؟,1
ويزن,1
يدخنون,1
بصراحة؟,1
منتشين,1
تمحى,1
ورضي,1
تجهر,1
مختبئا,1
عنك؟,1
وحدك؟,1
وامش,1
تمش,1
نظرت,1
وارتكبت,1
لمرحلة,1
المجاهرة,1
تتكلم؟,1
ويخبرهم,1
بما؟,1
بتصغير,1
جبارا,1
والأرض,1
باستخفاف؟,1
سينصاع,1
الوقت؛,1
تراقب,1
التواضع,1
بأعمال,1
تلمني,1
وبالتدرج,1
ينبح,1
ويحترق,1
متعبين,1
ونعسانين,1
لوحدها,1
فالذئب,1
الاقتراب,1
فضيق,1
صائما,1
يحدثك,1
وابتعد,1
حدثني,1
تقلل,1
الشفاه,1
سيعيد,1
مجربا,1
تجارية,1
وحاول,1
رقمك؟,1
واعذرني,1
صاحبت,1
أناسا,1
تفاهتهم,1
بالهاتف,1
ونسي,1
تدخين,1
السيجارة,1
جربها,1
قبلك؟,1
إنسانة,1
شريرة,1
للتفريق,1
وزوجها؟,1
مماثل,1
طيلة,1
ويشعر,1
ظاهريا,1
الموعظة,1
يعظ,1
أساسا؟,1
تبكي؟,1
ستصمت,1
فليحمنا,1
جزاكم,1
يدخلنا,1
ويضحكون,1
معروفة,1
وجيدة,1
السمعة,1
وثبت,1
مالية,1
ومشكلة,1
أوجد,1
مطعما,1
محترما,1
ذهبنا,1
مرتاحين,1
نأكل؟,1
نشرب؟,1
نسافر؟,1
نلبس؟,1
نركبها؟,1
نزهة,1
أباح,1
فأبحه,1
أهجر,1
بأمري,1
الحلقة,1
المخلوقة,1
ترض,1
وأبوك,1
الوظيفة؟,1
ووالدك,1
تصدقه,1
التصرفات,1
أعطاها,1
توفيت,1
فأخذها,1
يتفنن,1
يصرخ؟,1
يخفض,1
ستظنه,1
شبيها,1
للأساتذة,1
الجامعيين,1
قادما,1
ليدعو,1
الدكاترة,1
يسعدني,1
ويشرفني,1
السمك,1
الأسواق,1
تزرع,1
أرضك,1
امرأتان,1
والسيئات؟,1
والفضة,1
يحلفوا,1
كاذبا,1
وأسجد,1
لهما,1
أسفك,1
تحزن,1
يبعك,1
فاتته,1
أقرر,1
سأغضب,1
شديدا,1
تنطق,1
متكبرا,1
وتتناول,1
اصمت,1
اخش,1
عرسك,1
بالفرح,1
سيدة,1
متخرجة,1
بطبيعة,1
وتخدمهم,1
معتادا,1
بحضور,1
بالمسجد؟,1
رؤيتك,1
تقال,1
وبعضها,1
اعتدنا,1
إيجابي,1
وطيب,1
تقرب,1
بالحسنى,1
أسحب,1
يستجب,1
عائلاتنا,1
خيرة,1
مؤمنة,1
منضبطة,1
بالشريعة,1
الإسلامية,1
تحبين,1
أكملي,1
يريدون؟,1
متأخر,1
أشارت,1
أحول,1
الإهمال,1
لأبدأ,1
انتظروني,1
سيبقى,1
متعجب,1
تقترب؟,1
ويتكلم,1
واغتاب,1
واحتفظ,1
بخيره,1
تخبريني,1
ميسورة,1
يشفعون,1
ويقرأ,1
يجف,1
سياق,1
سننعم,1
سائقا,1
وزيرا؟,1
دينية,1
البساطة,1
وتغلق,1
حمام,1
تمرير,1
احك,1
المختلقة,1
إرضائي,1
يحج؟,1
وأحاسبهم,1
محمولا,1
غادر,1
قرعنا,1
حسبوا,1
وقيمته,1
الشرائية,1
أعطوه,1
علاقتي؟,1
بأموالك؟,1
الحاصل,1
أبقيهم,1
وتركت,1
للتجار,1
وذهبت,1
يبقيني,1
واسألوه,1
وعقلي,1
طائر,1
سرقة,1
ينزل؟,1
تخيف,1
ويحسب,1
سميتم,1
أولادكم,1
يترسخ,1
وجهي,1
بالكاد,1
ينبت,1
لحية,1
تجتهد,1
فرائضه؟,1
يؤدون,1
المفروضة,1
أصرف,1
فالشخص,1
كريما,1
وأهلك,1
سمعتم,1
وفعلا,1
حلالا,1
جربتم,1
يقول؟,1
أضفه,1
وبدأت,1
أستمتع,1
بحلاوة,1
ينقلوك,1
الحلاوة,1
لنتركهم,1
وننتهي,1
سيعيشون,1
بجرد,1
سأخصم,1
ليغير,1
حكمي,1
يصفر,1
ويجف,1
الآية,1
وأتقن,1
عمو؟,1
تضحك؟,1
لبست,1
بوعدك,1
سيأكلونك,1
تخنقه,1
وتضيق,1
ليهزموا؟,1
دعوهم,1
ينصر,1
المبدعون,1
والقادة,1
والحاضر,1
العباقرة,1
لأصبح,1
يباركه,1
حرف؟,1
أنس؟,1
هدية؟,1
وسيأخذ,1
جائزة؟,1
لأنهي,1
لثروتك,1
نجدها,1
غد,1
لأخذهم,1
أستحقه,1
يصعدون,1
أخرج؟,1
فخرج,1
وافتي,1
المشاجرة,1
مشاجرة,1
الطيبة,1
أنهيته,1
للجيران,1
دراسي,1
وملأ,1
أعرفهم,1
السنين,1
بالعمران,1
نتعاون,1
وتوسط,1
يسامحك,1
كأنك,1
وأوصله,1
شابين,1
قويين,1
خفيفا,1
أحمله,1
بالتفكير,1
بدعوة,1
أدع,1
أخدمك,1
وفقه,1
يتقرب,1
سينفق,1
شاحنة,1
يوصلني,1
العمل؟,1
ظهرا؟,1
العثور,1
تاكسي,1
لتبدأ,1
سطل؟,1
جالون؟,1
أحضرته؟,1
ورقات,1
تفهموني,1
أخذنا,1
إذنا,1
الأوقاف,1
أرسلتهم,1
يشتهيها,1
للفتاة,1
كسرته,1
للمولد,1
فلان؟,1
سأجيبك,1
عاجز,1
واحمل,1
لأخيها,1
لأبيها,1
لنفسها,1
لأطفالها,1
عقدت,1
قرانك,1
متزوجون,1
مؤجل,1
صامتين,1
استلامه,1
مثيلاتها,1
حاجتك,1
النجار,1
متيقظا,1
لمعرفة,1
أظلمه,1
وسأعيدهم,1
يدفعه,1
يقصد,1
الضعف,1
المضاعف,1
يدنو,1
أعرفه؛,1
القروض,1
سلوك,1
يحرك,1
وسيقوم,1
الزكاة,1
وبيعها,1
المسروقات,1
أفضل؟,1
بسياحة,1
جنسية؟,1
وتبعنا,1
أولادنا,1
كفالة,1
إصلاح,1
تقع,1
كزبرة,1
التراخيص,1
الغلة,1
الثمانية,1
يستدين,1
والأستاذ,1
لأدفع,1
تتدين,1
جعلني,1
نقصا,1
النقص,1
المحكية,1
أسأله؟,1
وبعيدا,1
دونت,1
أقوالها,1
والأحاديث,1
تتخيلها,1
أطلقك,1
تكرهها,1
أهملها,1
فاتصل,1
تعدي,1
اضغطي,1
وازعجيه,1
ونذكر,1
الدراسي,1
كطلاب,1
أفواجا,1
المشروع؟,1
ترق,1
سيفتحونه,1
سيقرأون,1
وسيقرأون,1
أعمالك,1
والأمواج,1
أستجير,1
أنعم,1
الزنا؟,1
تفريني,1
يذكرون,1
ويقرؤون,1
ويدرسون,1
للفراغ,1
أنشغل,1
القدوم,1
أطبق,1
وجل؛,1
القطة,1
حارتكم,1
لتجلس,1
منتظرة,1
ومهرك,1
أعطيت,1
للدهان,1
يريدك؛,1
يريدان,1
يناسبني,1
نتعرف,1
ونختبر,1
للبيرة,1
تشرب؟,1
المخطئ,1
ويتظاهر,1
وتظاهر,1
أيقظها,1
مشجع,1
لليكرز,1
رآني,1
سيرفع,1
وساما,1
سيمنحك,1
مسموعة,1
لتختبر,1
قدراته,1
لمساعدة,1
مساعدته,1
متدينا,1
ومؤدب,1
ابنتي؟,1
الأربعمائة,1
لأختي,1
العبث,1
المتأخرة,1
ننشئ,1
عائلية؟,1
نظامهم,1
الداخلي؟,1
الرابطة,1
أعضائها,1
نقبل,1
لطيفة؟,1
الأذن,1
عفيفة,1
لائقة,1
فجلس,1
وتدخل,1
أعراف,1
أسرية,1
يمانع,1
أبوها,1
ستفعل؟,1
اللطف,1
نوافلك,1
ويأتيك,1
التسويف,1
بأمره,1
يأمرها,1
أختنق,1
مستشفى,1
أتبرع,1
بعملية,1
جراحية,1
الأيوبي,1
أنشأ,1
إناءها,1
يسكبون,1
للصحة,1
المكسورة,1
المكسورة؟,1
ليشتري,1
مجالي,1
ستتدبر,1
والشاب,1
تريده؛,1
المحل؟,1
سنحل,1
خبيرة,1
يكتشفوها,1
يتخذون,1
لأربع,1
شقة,1
تعلق,1
عنه؟,1
السيرة,1
يمدحونك,1
ويرفعونك,1
يبالغون,1
خلطه,1
لحفظ,1
نفقات,1
تجلبه,1
مليونيرة,1
جدتك,1
كتبا,1
منزعجا,1
أنتبه,1
منشغل,1
أختتم,1
تستقبله,1
وتؤنسه,1
لموقف,1
ويستهين,1
فعلنا؟,1
المنورة,1
الميتة,1
يغدر,1
غضضت,1
صببت,1
سيتركك,1
سيجن,1
البصري؟,1
الشرطة,1
يروه,1
محنة,1
سيخرجه,1
الحوت؟,1
حجر؟,1
المعايرة,1
غزوة,1
بصيرته,1
أثاث,1
نركض,1
ولادة,1
بلغت,1
بعها,1
لأخيك,1
آخذه,1
أثرك,1
واجهت,1
أزمة؛,1
وأقف,1
سوء,1
تفاهم,1
تأكلوا,1
مخدمة,1
أجلسناكم,1
رفاهية,1
الأغاني,1
أميرة,1
الأميرات,1
تطوى,1
السلطة,1
ستتزوجين,1
تصبحين,1
راتب,1
موظفة,1
تتقاضين؟,1
أموالها,1
وأموالها,1
ونعيش,1
يتيما؟,1
ويدفعون,1
أجرة,1
وظيفتين,1
ويختلف,1
الهموم,1
أكرمهم,1
أحن,1
ضعفاء,1
ملكوا,1
وأولاد,1
واجبا,1
ستقبل,1
الرشوة,1
ستذهب,1
تقريرا,1
طفلان,1
الإمارات,1
واثنان,1
إرث,1
والدنا,1
الربع,1
أخاه,1
الحجاب,1
تغلق,1
يوما؟,1
فريضة,1
ولأولادك,1
الحجة,1
عبثا,1
عنقه,1
وقدمي,1
يسيل,1
عائق,1
تائب,1
تتوب,1
ستنفع,1
معك؟,1
تتكاسل,1
يراك,1
اسجد,1
تراني,1
يعرفونكم,1
مدركين,1
نبخل,1
المصابيح,1
بإحكام,1
الأغنى,1
الأكياس,1
البسيط؟,1
نجا,1
إمرته,1
مشعث,1
ومظهرك,1
فوضوي,1
احترس,1
لساعة,1
وأعني,1
الاعتماد,1
نظمت,1
ويتسامح,1
ويذكرون,1
يستوجب,1
يترتب,1
والمكيدة,1
قرأها,1
القادمون,1
ببيلا,1
سبعون,1
للشاة,1
الشغب,1
صديقي؟,1
حق؟,1
يحدثنا,1
العاقبة,1
مرر,1
مؤشر,1
ستحبه,1
ويحب,1
أدفع,1
ويعرفون,1
التنظيمي,1
سيشملها,1
التنظيم,1
ظلموا,1
نسوا,1
خرجوا,1
ورشاتهم,1
يقيموا,1
مبنيين,1
للرجل,1
صرخات,1
وضجيج,1
دهس,1
ومات,1
سحق,1
بواسطة,1
الشاحنة,1
براءة,1
فظ,1
الفروض,1
ستجدها,1
تعقدها,1
جيرانك,1
وأقاربك,1
وأصدقائك,1
النجمة,1
للملائكة,1
ملائكة,1
وظيفتهم,1
يجوبوا,1
أثنوا,1
رأوا,1
يسترها,1
للدعاء,1
مؤسسة,1
ربوية,1
يتعامل,1
يعلن,1
أعلن,1
الإلهي,1
ليأخذه,1
محميا,1
يعمل؛,1
منضبط,1
جعلك,1
أغلق,1
ظلامه,1
أتعلم؟,1
وراقبت,1
تعيدهم,1
مكافأة؟,1
الأجر,1
ضدنا,1
علينا؟,1
يستخفون,1
وجئت,1
أرتدي,1
قميصا,1
بنطالا,1
جديدا؟,1
واسمها,1
اللذيذ,1
الراسخ,1
يذهل,1
مواضعها,1
الصحيحة,1
بكلية,1
يدعون,1
مقصدهم؟,1
الإفطار,1
يفعلونه,1
سيرجع,1
الدين؟,1
عمرية,1
شبابا,1
استيقظت,1
للمدارس؟,1
أعط,1
بكت,1
وبكت,1
القليلة,1
سام؟,1
مرره,1
متهاونا,1
لأولادي,1
سيريد,1
لأولادك,1
سيجدون,1
بيتا؟,1
لنحجز,1
لتكونوا,1
العابدين,1
يتنافسون,1
ويتنافسون,1
يطعمون,1
القضايا,1
إعرابها؟,1
والأمر,1
أعرض,1
أساء,1
أتخلص,1
الإثم,1
أطهر,1
شروطا,1
ضرورة؟,1
يطرد,1
مشوشا,1
ويقبل,1
والخطأ,1
كليهما,1
احفظوها,1
ليحملوها,1
التغلب,1
أضفت,1
ومدرسة,1
أمنيات,1
وأخذوا,1
ستساعدنا,1
ومتى؟,1
البطالة,1
مساعدتنا؟,1
الأموي؟,1
الطرقات,1
معي؛,1
رائحتي,1
كريهة,1
بإمكان,1
يغضب؟,1
العود,1
أغضب,1
يستدعي,1
محوه,1
الوجود؛,1
يخدمنا,1
وأقرأ,1
يطوف,1
بإبرة,1
سيلاحظ,1
وخزة,1
العبيد,1
قاصرة,1
أطفالا,1
مهذبين,1
حافظا,1
قارئا,1
لغويا,1
بذيئة,1
موضوعا,1
ويضحك,1
يتطلب,1
ويتطلب,1
كم؟,1
طعامه,1
القوم,1
الأكلات,1
انخفضت,1
بالتحديد,1
موجه,1
الفضائل,1
الهمم؟,1
النشيد,1
أخبروا,1
بالأغنية,1
كمصلحة,1
عائدا,1
ومتوجها,1
أمضي,1
الاتجاهات,1
وأني,1
أحج,1
ذاهب؟,1
يعرفونه,1
بالشرب,1
والغناء,1
كضرس,1
تلاوته,1
يصاب,1
وتأتيه,1
ملقى,1
ويختنق,1
بالكرة,1
سأستعين,1
ملتصقا,1
ستفعل,1
شيخ؟,1
ستجعلني,1
مفتيا,1
متمسكا,1
بالدين؟,1
أقرض,1
الرسول؟,1
تحدثي,1
الخطيب,1
وأعتقد,1
لأداء,1
فعلته,1
يتأثروا,1
جدهم,1
بأعمامه,1
بأخواله,1
ويتأثر,1
بخالاته,1
إيجابيا,1
أغلى,1
سفيها,1
معلوماتية,1
شريعة,1
أدب,1
تداومون,1
تسعون,1
يبقى؟,1
تتسلون,1
بانتظام,1
جف؛,1
مجبرون؛,1
تشيخ,1
تنهض,1
لتتحرك,1
وتذكر,1
فمي,1
حضرة,1
يذوق,1
فيحميك,1
ليعطيهم,1
يقبلوا,1
ليربوا,1
موضوعي,1
سأوقظك,1
متأخرا,1
ستحتاج,1
حضرتك؟,1
الأذى,1
يكسب,1
ماشية,1
حققت,1
السياسيين,1
غيوما,1
صاعقة,1
الكسوف؟,1
عقوبة,1
تعودي,1
وأنس,1
وكريمة,1
أولادا,1
السلوك,1
القبلة,1
ستلقي,1
حصل؟,1
البضاعة؟,1
موادك؟,1
ترسب؟,1
للمسلم,1
والدكتور,1
قاسيا,1
تسدد,1
أقرضته,1
المقصف,1
فرم,1
وأبحث,1
الاعتدال,1
معتدل,1
المعتدل,1
عزيزي؟,1
أتعني,1
يؤلم,1
المستوصف,1
الكفاءة,1
المنطقية,1
خسارة,1
يحتفل,1
ليأتيني,1
أحوزها,1
تحضرها,1
يستلف,1
رضع,1
يشبع,1
الرضيع,1
الأغنياء,1
نختلف,1
يتحدثوا,1
لأبيع,1
وعبدا,1
يوافق,1
لأتوضأ,1
البارد,1
الأخريات,1
وقليلا,1
أبالغ,1
يلجم,1
تتبعونهم,1
ضللت,1
تطعمه,1
لابنته,1
القاعة؟,1
تعرفنا,1
وتريدين,1
ابنتك؟,1
آدم,1
نافلة,1
خفيفتين,1
لتحيتهم؟,1
ويستولي,1
بارتكاب,1
المطار؟,1
ويشربون,1
لشديد,1
تزورينهم,1
ابننا,1
تعطون,1
والمجوهرات,1
الحرام؟,1
ويعاملها,1
كأخته,1
آمنت,1
وجدتي,1
وجدة,1
عقبالنا,1
سنلعب,1
الشدة,1
ورطة,1
محاكمة,1
عقلية,1
يشغل,1
سنصلحه,1
سننتظر,1
وسنجرب,1
للتأكيد,1
ومكثفات,1
منظما,1
اتخاذها,1
نفاذ,1
الجانبان,1
لتقيس,1
قياسك؟,1
سترونها,1
سيحظى,1
للمكاوي,1
أداة,1
مغناطيسات,1
وسخانات,1
سخانات,1
أرادوا,1
للأصلي,1
جودة,1
بيكسل؟,1
للتنظيف,1
للجماعة,1
بالوسائد؟,1
يتابعوننا,1
اللاصق,1
اللابتوبات,1
حجمها,1
تتناسب,1
والأجهزة,1
اللوحية,1
شاملا,1
آيفون,1
وخارجي,1
وأندرويد,1
طقما,1
الياء,1
وتعيده,1
تدبيرها,1
وتواصلوا,1
وسيعطيكم,1
والإثنين,1
متنزه,1
منافذ,1
الألواح,1
والمجلدة,1
يلحم,1
بأنفسنا,1
النمزة,1
بمفردها,1
تقشير,1
تامة,1
تبرز,1
لكنكم,1
السحبة,1
الإطلاق؟,1
تقصره,1
وسنراها,1
جننت,1
المكبر,1
استمعوا,1
أفصل,1
بالشاشة,1
فككنا,1
بالبصمة,1
مكسورة؟,1
نقلناه,1
للزبون,1
الجدل,1
لصقته,1
الأسفل؟,1
وتعتمد,1
بفكها,1
سيجعلك,1
أفك,1
تضعونني,1
وترسلون,1
حاسوبي,1
أنوه,1
وحظروا,1
مساعدتي؛,1
تدبر,1
وجددت,1
بتحديثه,1
الأصلية,1
المنتجات؟,1
جدارة,1
هذا؛,1
بالموصل,1
هواء,1
والتكلفة,1
ستزيد,1
ولمن,1
أواجه,1
التصاق,1
ستنخفض,1
لتثبت,1
للأرضي,1
تعزل,1
فوجدت,1
مسحت,1
بالمبرد,1
بمشكلة,1
سنوسعها,1
نقلل,1
وأخلص,1
لأريح,1
واقفا,1
أزيد,1
بفصل,1
بعضهما,1
بنفخة,1
نسحبه,1
تعليقا,1
مرتبا,1
أعوجها,1
أتحكم,1
بتفريغ,1
الإخراج,1
أزيله,1
وأستاذ,1
الأنوكي,1
ستختلف,1
الثانية؟,1
تكتكة,1
عاليا,1
استفد,1
منفصل,1
الجواز,1
يفتقر,1
واضعين,1
توصيل,1
اقتربت,1
أكثر؛,1
رسم,1
نقدم,1
طرقا,1
مبنية,1
يخيب,1
مائة,1
بالمائة,1
بالأجهزة,1
ونعطيه,1
لعام,1
أشغلها,1
دراية,1
بخطورة,1
الحدود,1
متفاقما,1
الإيصال,1
لمكانه,1
الأشرطة,1
لفني,1
فككته,1
أبتكر,1
يمنعني,1
أعلمها,1
للأخ,1
المبتدئ,1
أشجعك,1
الجليد,1
وتستمر,1
عظيما,1
أظافري,1
قصيدة,1
الإرباك,1
لكثير,1
المبتدئين,1
التماسات,1
مقاومته,1
متناسق,1
ينمو,1
يبدلون,1
وأريك,1
لتغيير,1
الفلتر,1
بالصيانة,1
معروضة,1
تتقاضاه؟,1
قبله؟,1
اعتبرهم,1
بتنظيفهم,1
تنظيفه,1
ملاحظته,1
أزيلها,1
وأذهب,1
لأتأكد,1
بلورة,1
النقطتين؟,1
الطبقة,1
والفتى,1
ضمانا,1
ذكرها,1
عزاوي,1
لترك,1
تتراكم,1
وتلتحم,1
ببعضها,1
وتسبب,1
ملصقة,1
ناجحة,1
للانسداد,1
وتعلمنا,1
بألف,1
أوبو,1
تجدهم؛,1
ذاكرة,1
تأكدت,1
الصواب,1
لمد,1
لتصحيح,1
التتبع؟,1
وأركب,1
أتوجه؟,1
أتوجه,1
وأغير,1
إي,1
لنرفعها,1
أمانا,1
سليما,1
الزاوية؟,1
موثوقية,1
وينظف,1
أكور,1
ألمس,1
سأصبر,1
وأبدأ,1
تختفي,1
طبقة,1
تلحيم,1
وأنظفه,1
تركيبه,1
بتجربة,1
يهدأ,1
اتركيه,1
أعطالا,1
منفصلا,1
وبحماس,1
ورأيت,1
قمامة,1
يدخلونك,1
الإعلان؟,1
للجمعية,1
الأردنية,1
لإعجاز,1
الأنثى,1
يسأله,1
ذكية,1
كإنسان,1
تستيقظي,1
تموتين,1
والنزول,1
المزاج؟,1
للصولجان,1
يخلق,1
الزوبعة,1
العاصفة,1
بثا,1
مباشرا,1
أضفنا,1
تمثالا,1
اللؤلؤة,1
يزورون,1
سيرون,1
ويرون,1
صوركم,1
الجديدين,1
اللب,1
نشرحه,1
أعجبته,1
ويسمحون,1
لاحظتها,1
بتنبيهكم,1
الوحوش,1
ستأتيك,1
وسيأتونك,1
يمتلئ,1
يبقوا,1
سترونه,1
غزة,1
الرقة,1
أشاهد,1
سوريون,1
والمناطق,1
حصادي,1
استقرينا,1
اسمكم,1
طارق؟,1
عصر,1
أخذتنا,1
حمرا,1
تتحفز,1
وتظهر,1
لنطبقه,1
جعلتموني,1
أدهم,1
أحذية,1
الحساب؟,1
ونأمل,1
كتذكار,1
بالمناسبة؟,1
ألترا,1
أعرضه,1
يسخن,1
وشخصية,1
محلولا؟,1
الكذبة,1
بطاقته,1
المضمونة؟,1
سموها,1
شئتم,1
سأرسب,1
سأحمل,1
خارجيا,1
وأصور,1
بدقة,1
تترددوا,1
تريدونني,1
صدور,1
ستأتينا,1
ستفيدكم,1
تطبقون,1
وبهذا,1
انتهيتم,1
اللغز,1
نزلوها,1
مجهزة,1
ومتطورة,1
لبرنامج,1
السوريون؟,1
مربك,1
الحبيبة,1
تعذروني,1
شائعا,1
وسيتحسن,1
الإي,1
وهل,1
تحقيقها,1
نسعى,1
للوصول,1
تخفيضه,1
أسرار,1
قصته؟,1
مصورة,1
وسنشحن,1
والاشتراك,1
المطرقة,1
يشرحه,1
سيشرحه,1
تلاحظ,1
إكمالها,1
نجمعها,1
ننحني,1
يوهان,1
لإنهائها؟,1
ستقولين,1
سأعاني,1
ينخفض,1
للواو,1
أقساما,1
لتفعيله,1
رابحان,1
مقدما,1
ويتضمن,1
أخطبوطا,1
اهدؤوا,1
بخطوة,1
التوقعات,1
الحزورة,1
سيصلكم,1
نضيع,1
مستيقظ,1
سيمو؟,1
الفائض,1
الأنبار؟,1
الأنبار,1
أوصلناها,1
غامضة,1
الموميائي,1
بالقنبلة,1
الاحتياطية,1
لحقيبة,1
التخزين,1
ونتسلى,1
ونلعب,1
أتركهم,1
سنتا,1
زران,1
الإكس,1
ويفتح,1
مسبقا,1
وشاهدت,1
الغميضة,1
طيمة,1
ولساعتين,1
المشاهدة,1
بمبدأ,1
بثماني,1
المهتمون,1
أحضرهم,1
ترتيبه,1
وفاخر,1
بسبع,1
يتفق,1
بالرأي,1
أزرق,1
ناقصا,1
أزيلت,1
تصاميم,1
بالألوان,1
وبالشكل,1
وأضيف,1
كمثل,1
رفعك,1
يندفع,1
وأقيم,1
كفؤا,1
موجوه,1
متعلق,1
بحزم,1
تتحسنون,1
ووضع,1
افهموا,1
المسابقة؟,1
الوقفة,1
وأضيفها,1
الأكبر,1
نوي؟,1
وعبده,1
يأخذونا,1
للخارج؟,1
كمضيف,1
بنوبتين؟,1
تؤاخذنا,1
مزمار؟,1
الصوت؟,1
إياد,1
لشحن,1
تشرح,1
ليصبحوا,1
فرحين,1
برايم,1
يشملون,1
بالمسابقة,1
تكتب؟,1
مازلتم,1
السلوم؟,1
يستحق؟,1
وحسب,1
الضغوط,1
شيئان,1
عشوائيا,1
ضعهم,1
يطبق,1
خروف,1
والعديد,1
يتمنى,1
تفعيل,1
يجعلها,1
سأرفعها,1
فبقي,1
والخوذة,1
تتسع,1
للكثير,1
فستغتنم,1
واجمع,1
التنبيه,1
ذهني,1
أواجهه,1
أستخدمها,1
المنتصف,1
بملء,1
للقفل,1
تقتله,1
لتنتهوا,1
فأنصحكم,1
اخترها,1
للاستفادة,1
قسمان,1
لليو,1
بسجل,1
لدقائق,1
شراءه؟,1
بشرائه,1
الإخلاء,1
وتصفيه,1
نعد,1
يرتكبون,1
الذهبية؟,1
وأكملها,1
بالسلام؟,1
ترسله,1
وسنستفيد,1
عديم,1
فتوقفت,1
الرغبة,1
لتجنب,1
بالروبوت,1
معجب,1
بالسكن,1
بالفعالية,1
اكشف,1
نضع؟,1
رسونا,1
اكتشفنا,1
ستستعرضها,1
فلبسوها,1
فرأيتم,1
تنكر,1
أخرجناها,1
سأبقى,1
فبدون,1
بتثبيتها,1
وشرحته,1
بنشرها,1
لتصلكم,1
المستجدات,1
أنبهكم,1
للمونتاج,1
والإخراج,1
أبدع,1
الإكليل,1
فاخر,1
للإصابة,1
لتعديله,1
لغز,1
الأرضيات,1
بالمشروع,1
نقطتان,1
غشا,1
حذفت؟,1
شاول,1
مشوه,1
أنساكم,1
أخضر,1
آحاد,1
النطاقات,1
جهودهم,1
الموجه,1
بإقامات,1
جدد؟,1
بمضمونها,1
المعروفة,1
تحسبوا,1
وإنستغرام,1
بالحصى؟,1
أشتاق,1
بالمسحراتي,1
وصوت,1
الديك,1
آندي,1
فاكتب,1
تجربها,1
أغطية,1
البلورة,1
البذلة,1
بموتور,1
بالشاب,1
صناعي,1
الأقمار,1
الصناعية,1
غالبية,1
الألماسة,1
البارون,1
ينضم,1
يهربون,1
المعول,1
تدمير,1
سيستمر,1
المزاجية,1
لكلمة,1
بمعركة,1
المنزل؟,1
وسنتحدث,1
لغة,1
لتصل,1
التعثر,1
سأزودكم,1
بموجز,1
المخصص؟,1
توفيره,1
بالحقيقة,1
حسنوا,1
الإهداء,1
وسنحصل,1
الأصوات,1
الأسبوعي,1
بالحرف,1
سرقت,1
الأشجار,1
ستملأ,1
تهزم,1
حقنا,1
نرسل,1
تشونج,1
وستعرضها,1
حركوا,1
تنعزل,1
مظلات,1
ناسين,1
الفئة,1
مستواكم,1
محبوبة,1
متواجدا,1
والملصقات,1
لبطاقة,1
الواعدة,1
وأفخم,1
شرحته,1
فائدتها؟,1
لديكها,1
بالمسار؛,1
تملكها,1
وسيتم,1
للضربة,1
اثنتان,1
لندع,1
النهاية؟,1
بجدية,1
ويدخلون,1
والخدع,1
بمشاهدة,1
وإظهار,1
جماهير,1
المعارك,1
يصدمون,1
ظننا؛,1
ونطت,1
وارجعوا,1
تحديا,1
ونكتبها,1
أثينا,1
أحضرونا؟,1
أحضرونا,1
بطاقتان,1
تفشلان,1
ستعذبني,1
ونركب,1
ويعود,1
تصطدم,1
الحافة,1
الآلة,1
ستستقر,1
القفز,1
أزلنا,1
واستخدمناها,1
كمخزن,1
أسرعت,1
زيادتها,1
ننهيها,1
نهتم,1
سيعاد,1
مضبوطة,1
سأظهر,1
الفضل,1
تلو,1
الافتراضي,1
قاتلت,1
رأيتموها؟,1
البيسون,1
خوسيه,1
أخفض,1
نستفيد؟,1
النظامي,1
سيكتبون,1
يداك,1
أعتبره,1
بواحدة,1
الواسعة,1
الأحوال,1
للثانية,1
لحظي,1
تندموا,1
ميتين,1
أستمر؟,1
أحتاجهما,1
لمفتاحين,1
وأسوأ,1
نساوي؟,1
لأستردها,1
لفحصها,1
كروت,1
محزن,1
بتبسيطها,1
فتفجر,1
السهلة,1
تحريك,1
وتأخذك,1
البطة,1
ستختصر,1
تفعلوا؟,1
أفقي,1
الأفقي,1
سأريكم,1
فصارت,1
سبعة؟,1
وعدم,1
الفتحات؟,1
ستخبرني,1
أشرحه,1
إجراءات,1
كرهته,1
انزلوا,1
أصوركم,1
بلدكم؟,1
التزلج,1
للأوزي,1
سأطور,1
المودم,1
أنتظر,1
القمم,1
فلنطورها,1
وفريد,1
لشرائها,1
سنشتري,1
كافيين,1
المماليك,1
بخشب,1
الأبعاد,1
تسريعها,1
قفزتها,1
بالضرورة,1
أدوات,1
تجعله,1
وتكملها,1
يتجولون,1
بتجنب,1
أعدتها,1
نظره,1
والجماعية,1
بعده؟,1
أنشره,1
كرسالة,1
أنفسهم,1
ادخلوها,1
واستفيدوا,1
إكمال,1
الصالون,1
خلط,1
فهكذا,1
جهازكم,1
لتعرفه,1
سيدعم,1
سيدعمه,1
سأترككم,1
زوجان,1
يحبان,1
فستجد,1
كشفتكم,1
أشرحها,1
الإدارة,1
فليكتب,1
بإنهاء,1
العرب؟,1
سيجلب,1
يغطي؟,1
مؤدبا؟,1
للأسماء,1
فشكرا,1
وأوضح,1
وعندكم,1
لعبتان,1
فريقي,1
وأنجزوا,1
أركز,1
فلنترك,1
رائعون,1
وعسى,1
وإكمال,1
أنهيها,1
القباب,1
كلفكم؟,1
تمكنك,1
بدء,1
سأوصله,1
فكرتم,1
الصالون؟,1
بالشعر,1
أتساءل,1
ستضيء,1
مضاءة,1
نصيبي,1
أضاءوا,1
يضيء,1
مكونا,1
بحركة؟,1
ستلمع,1
داعموا,1
داعمي,1
محرجين,1
استمروا,1
بنا؟,1
البنفسجية,1
الوردية,1
اربط,1
عرفتم,1
الفرق؟,1
الطويلة,1
فاهمين,1
لأتحدث,1
لنفتح,1
يعينه,1
ويعطيكم,1
نستفد,1
وضعهم؟,1
متوتر,1
ونظام,1
ونحتاج,1
أرصدتك,1
توقعا,1
بارزة,1
الدباديب,1
أطلقت,1
أسياخ,1
يشبهون,1
وستقوم,1
الشرفة,1
اللولبية,1
إقامة,1
وليمة,1
تسجلوها,1
منزلية,1
للعملة,1
أجمعها,1
الصرف,1
والبعض,1
زيا,1
عسكريا,1
رقصتها,1
وسنخبركم,1
وأكيد,1
لفتحه,1
بالتلوين,1
بالأخضر,1
خطأ؛,1
يستخدمونها,1
ستشارك,1
الأفكار,1
لتختار,1
استرجاعها,1
الفوز,1
بكرت,1
وطبعا,1
تستفيدين,1
لبطاقات,1
استدعونا,1
وأكملت,1
ببطاقة,1
ثالثا,1
نحسبها,1
لصانعي,1
وأصدقائه,1
لأب,1
يزالون,1
بإزالتهم,1
استقللنا,1
فبدلا,1
لدخولكم,1
وشرائكم,1
خاطر,1
تبتسم,1
يزعلون,1
أوقعتنا,1
الأولى؟,1
بالآلاف,1
طلبوه,1
تجديده,1
استطاعوا,1
تغلب,1
يجددون,1
مساكننا,1
لوحدكم,1
لتزيدوا,1
زجاجة,1
تسميتها,1
النادرة,1
بأنكم,1
مخزنا,1
المسامير,1
طلاء,1
وفور,1
الدلو,1
ماهرا,1
الفوازير,1
اسكب,1
كأسا,1
السوس,1
سيستفيدون,1
سأذوق,1
العادي؟,1
الأمن,1
الأم؟,1
عشت,1
الحركة؟,1
انزلقت,1
صنعها,1
عندكم؟,1
إصلاحها,1
انشغلت,1
التحديثات,1
النافذة,1
أوقفت,1
طبل,1
المفاجأة,1
النادر,1
احتسب,1
الأثناء,1
والإنترنت,1
حالفني,1
تقدمات,1
والمطلوب,1
وسأ,1
سينتقل,1
بعد؟,1
وقود,1
لتعبئة,1
تقود,1
الطائرة؟,1
بنك,1
وتسترخي,1
سنستمتع,1
بالرويال,1
فاستعملوا,1
ستضيع,1
مكاننا,1
وكالنصيحة,1
مرتفعة؟,1
تناولتها,1
وزارنا,1
حضروها,1
لأسترد,1
وشاركها,1
لأدخل,1
وأرتب,1
وأزيد,1
وإنجازات,1
وطورها,1
إنجازهم,1
فتأكدوا,1
دعمي,1
صاحبة,1
بالهيبة,1
نسمي,1
تشغيلها,1
المسحراتي,1
سأسرع,1
تماما؟,1
تقدما,1
سأقدم,1
تنزعجوا,1
قفزت,1
للأمام,1
فاشلة,1
بالجليتشات,1
سأريك,1
بتكليفنا,1
بالاستمرار,1
نصلح,1
حصاد,1
أشجارهم,1
بالرغبة,1
التطور,1
الازدهار؟,1
بنيته,1
أساسيات,1
للعملات,1
محكمة,1
نافورة,1
النافورة,1
بأخذ,1
بميرادو,1
الركاب,1
والسيارة,1
جذابة,1
كأفلام,1
لقبان,1
خاصان,1
يتعلقان,1
بعجلات,1
أضافتها,1
ضدك,1
خاتما,1
تتمنوه,1
بالحرية,1
آل,1
الرشيق,1
تضفه,1
يقبلوها,1
تخصنا,1
لأيمان,1
نأمله,1
نطقت,1
لتعطينا,1
بدلته,1
وللأسف,1
واللعبة,1
تجربتي,1
مخصصة,1
أتحمس,1
وأنزل,1
أنزلها,1
أجنحة,1
الخفاش,1
قصات,1
الكوب,1
كأشياء,1
يديه,1
السكاكين؟,1
مكتملة,1
أمازون,1
ومتجر,1
أبسلوم,1
سألهم,1
التمثال؟,1
آلامك,1
فالحمد,1
رسالة؛,1
القملة,1
للمزلجة,1
لنمنحها,1
الإرسال,1
بفاتحة,1
الشد,1
محتوى,1
يرزقنا,1
لنأت,1
الصندوق؟,1
أخرجوا,1
بلفة,1
محملة,1
يسألوني,1
الشدات؛,1
متقدمين,1
وتختفي,1
مارد,1
المارد,1
تأخذونه,1
وتطورونه,1
سأخذه,1
المراقبة,1
نحقق,1
نزهتنا,1
خطي؛,1
لصاحبها,1
تجولت,1
يغيروها,1
بالرغم,1
بجانبنا,1
قضى,1
الجمع,1
تتوقعون؟,1
أوقفوا,1
بتغييرها,1
ببطء,1
نظهرها,1
الفضية؟,1
زادت,1
قطتي,1
بعناد,1
استقرت,1
يخرجنا,1
تصنعوا,1
فردي,1
أحضرتها,1
لتحقيق,1
فيه؟,1
المنتشرة,1
سأشاركها,1
بالتحدث,1
كان؟,1
لنحرك,1
للعار,1
تتركها,1
تجده,1
مذكورا,1
وجهك؟,1
يتابعوني,1
محتواي,1
خادع,1
طورناه,1
محددا,1
فقمت,1
نكتف,1
متابعوه,1
ويرسلون,1
فلانا,1
رؤيتهم,1
للقارب,1
يعلنون,1
سأستعرضها,1
ضروريين,1
لتصدر,1
تواصلت,1
وتنجز,1
ستفيدنا,1
لنستفيد,1
خبرتك,1
ستنقلني,1
فهؤلاء,1
تضعهم,1
وتنشر,1
وسيحتسب,1
استرددت,1
التعريفي,1
للنسخة,1
والقبلة,1
استرخ,1
واستمتع,1
وسنضع,1
خطئي,1
لننتهي,1
فنخرج,1
ولأجل,1
يتخطاني,1
نرسم,1
وسنفتح,1
عدلنا,1
لفة,1
أمنا,1
فتتوقع,1
وتزيله,1
حولتها,1
عرس؟,1
وشعورك,1
طور,1
ثقيلة,1
شارف,1
الانتهاء,1
اعتماد,1
للمعلومة,1
محله,1
بثبات,1
منزلي,1
لنستهدف,1
بصوتي,1
وسلمان,1
سأحلها,1
تفهموا,1
نتهم,1
بالمولوتوف,1
سنستمر,1
سأتواصل,1
تورطتم,1
وتفهموا,1
لإعلان,1
إيرانجل,1
سيزورنا,1
وأفتح,1
فستحب,1
والحل,1
دخولكم,1
جيميل,1
ستكمل,1
بأغطيتهم,1
وصورتان,1
خاصتان,1
كالسلاح,1
بلون,1
أغمق,1
احمرارا,1
وصديقك,1
الواقعية,1
ستسهل,1
سيقومون,1
بتعديله,1
وإضافة,1
السفينة,1
السحر,1
الفراعنة,1
مرور,1
وإنزال,1
رددت,1
وعدة,1
معظمها,1
أدائكم,1
وتحقيقها,1
عددا,1
يرسلها,1
يتحركان,1
الفنون,1
أصل,1
الطاوة,1
يستخدمون,1
التزايد,1
سننهي,1
بانتظار,1
فأكون,1
وسنطور,1
أعجبهم,1
سندعمه,1
سيعطونك,1
صمموا,1
تصميما,1
كإسم,1
ارفعوا,1
بحرف,1
سنربح,1
سنقدم,1
إمكانيات,1
وكتبتم,1
الرابحون,1
قنبلتان,1
والقنبلة,1
وستعتمدها,1
كإضافة,1
الضرر؟,1
الجودزي,1
تجدوا,1
وسأرسل,1
اضغطوا,1
بنج,1
صاروخي,1
وأختار,1
وألغينا,1
بقطعة,1
ومعنا,1
باللعبة,1
ستتأكد,1
روبوتا,1
بمتابعة,1
وتكمل,1
سنفوز,1
سنربح؟,1
أصبع,1
أصيب,1
مدللون,1
بالتحول,1
المجر,1
سيخبرك,1
التركية,1
العدوان,1
فلنبتعد,1
وخلفه,1
شعبية؟,1
كخيار,1
أعلنوه,1
ويذهبون,1
تجددت,1
وإطار,1
خزانة,1
تجهز؟,1
تجهيز,1
مشمول,1
تكبير,1
حقائب,1
للمستويات,1
العنصر,1
آيباد,1
العشب,1
تشترون,1
حمايتك,1
جربوها,1
للبريد,1
بريدا,1
إلكترونيا,1
شغالا,1
تفتحون,1
سأتحمل,1
تخرجون,1
وتطفئون,1
حجب,1
نتعرض,1
للحظر,1
قطعة؟,1
سأصور,1
وأنشره,1
جرافة,1
اضربه,1
الفردية,1
إبسيلون,1
تمنحني,1
لتلعب,1
خياري,1
للحافلة,1
نصرفه,1
بتنزيل,1
الهواية,1
ستثبت,1
الباكيج؟,1
للاسترداد,1
المدفوعة,1
سيصدمك,1
لكيفية,1
أكتسب,1
سأكتسبها,1
الإنستغرام,1
سيشاركون,1
الشارة,1
خروجك,1
الشرك,1
فاحذروا,1
يخبرونك,1
لأخي,1
للخاصين,1
فاختر,1
سلاسة,1
طعما,1
الكشف,1
ستقتل,1
الماهر,1
الرأي؛,1
الأحبة,1
والمضمون,1
وبالضغط,1
مثالية؛,1
داوود,1
لضرب,1
وألف,1
يشاهد,1
وبيده,1
سنارة,1
يصطاد,1
سمكة,1
شراؤه,1
بأجزاء,1
السلو؟,1
نربطها,1
وطويلا,1
ذخيرة,1
فاخرا,1
مزبطون,1
مضربا,1
تقييما,1
نقفز,1
الانفتاح,1
إلى؟,1
نأخذهم,1
الأدنى,1
ونحقق,1
وقائمة,1
أتوقف,1
الفرحة,1
أسترد,1
وسيتوفر,1
والألعاب,1
الحلول,1
الرام؟,1
إلغاءها,1
ثمن,1
بالضربة,1
ضربناه,1
سيشحن,1
ويواصل,1
مثير,1
للإعجاب,1
فلنأت,1
ونستهدف,1
الغيوم,1
أعجبتهم,1
الجيران,1
التفاعلات,1
ليشرح,1
متواجد,1
الحضارة,1
المعلقة,1
نبذة,1
يتخطى,1
مضمونه؟,1
يضربها,1
أضفناها,1
سنسترد,1
لنصرخ,1
سيسترد,1
استثمر,1
ومعها,1
الدعامات,1
ترتيبات,1
تبدؤوا,1
بتنظيم,1
ينتحلون,1
سيربطه,1
وسينتهي,1
الأول؛,1
فعند,1
أكيد,1
وسأشارككم,1
سيكشف,1
يكشفه,1
ستحذف,1
أسماؤهم,1
وسيتمكنون,1
توقعوا,1
خداع,1
تشجعوه,1
سيتوفر,1
نحسبهم,1
أقوياء,1
آتيكم,1
الحقل,1
بالحقل,1
الهدايا,1
للهوية,1
ضعوا,1
وتأكدوا,1
وتشعر,1
أستريح,1
الفائقة,1
بجواب,1
ستمنح,1
آمنين,1
احموني,1
الحقوا,1
مختبئ,1
ألغوا,1
تفادي,1
تتعطل,1
محسوبة,1
ظننتها,1
صعود,1
السلم؛,1
عملتان,1
حلوة,1
سيكمل,1
وأضيفه,1
كصديق,1
تساقط,1
كلاهما,1
يتوقع,1
وقفة,1
ألستم,1
مظلة,1
بالكوكتيل,1
وستطورها,1
يتمكن,1
وللأندرويد,1
الشركة؛,1
وإلا,1
يشحنونها,1
يجمعونها,1
ليفتحوا,1
أتوقع؟,1
جزأين,1
قضية,1
أخفيه,1
لتخرج,1
أعدها,1
نتوقف,1
ترتبت,1
لننه,1
كلفتني,1
اسمي؟,1
القرعة,1
والطلقة,1
أصابت,1
رابطها,1
وأضافوا,1
للإضافة,1
والخريطة,1
روبوتات,1
استعرضت,1
أساسيا,1
زالت,1
سأل,1
أبلغتكم,1
مركبة,1
أوضاع,1
لتصنيفنا,1
المشاركين؟,1
فاكتبوهم,1
لاستخدامها,1
عربيا,1
أفرق,1
الأغطية,1
بتحريكها,1
المؤثرات,1
سأسعده,1
مدهش,1
تشتريها؟,1
سيتفاعلون,1
يلغى,1
طعمه,1
رقصتان,1
جميلتان,1
لمعان,1
تفحصتها,1
تخلصنا,1
لخرجت,1
ورقص,1
إضافيتين,1
قبل؛,1
فتحت؟,1
فحسبت,1
أعذروني,1
أعاني,1
فمبكر,1
أكوادكم,1
وسأختار,1
كودا,1
وأستخدمه,1
المؤثرون,1
مهتمون,1
إجاباتكم,1
لتواكبوا,1
استردادها,1
فتفاعل,1
فتشعر,1
سيعطينا,1
أسلحة؟,1
لإخراج,1
مرتين؟,1
المنظر,1
أعطيني,1
ويتركوا,1
أقولها,1
أسلحتي,1
ويفتحه؟,1
خاصي,1
مقفلا؟,1
شعرتم,1
بكاء؟,1
قواكم,1
سيكتب,1
رابحا,1
نتمنى,1
ستنكشف,1
وحيرة,1
الحكايات,1
ميزانيتي,1
باقات,1
حسابها,1
مكتوبا,1
التذكرة,1
سيعطيكم,1
متعاونون,1
اسألوهم,1
يجيبون,1
والمعلم,1
البسطة,1
تخطي؟,1
رزم,1
حظي؟,1
ويشارك,1
أحتاجتني,1
التسهيلات,1
خطاي,1
لنضعها,1
ستتخطى؟,1
تمكنا,1
كالمعرف,1
وتضعونه,1
واجهتموها,1
نجمة,1
يقودنا,1
تعجيزية,1
لتلك,1
وعادي,1
المملوكة,1
والحقيبة,1
سأسألهم,1
سنفتحها,1
معه؟,1
تسترجعها,1
وسأضعه,1
سنلغي,1
بدايتها,1
نهايتها,1
لنشتريها,1
سأنتظر,1
نعقد,1
اتفاقا,1
يطلبون,1
بصمة,1
إغلاق,1
وسنختار,1
أمريكي,1
أمريكيا,1
أنشأناه,1
أنشأته,1
أفريقية,1
دولارات,1
القاعة,1
الحرير,1
رسمتهما,1
فخما,1
العودة؟,1
أجزائها,1
نستخدمها,1
التروس,1
وسيحصل,1
أزعجونا,1
ضاعفت,1
ونظيف,1
وجميل,1
ندعو,1
أصدقائنا,1
للصديق,1
مغلقا,1
تسوية,1
استلمناها,1
والإقامات,1
فاتركها,1
أسبوعيتين,1
تحدثان,1
لمبلغ,1
للفكرة,1
أذكياء,1
بقص,1
وتعديل,1
وتروا,1
كمنافسة,1
الدفع,1
تولى,1
ينفقون,1
أبدله,1
بإكس,1
التعويض,1
استخدمه,1
يستعد,1
يضاف,1
مجموعتنا,1
يظنون,1
عشوائية,1
للبيع,1
جيجابايت,1
التعامل,1
الاتصالات,1
بتقسيم,1
الألقاب,1
ترتيبها,1
الجنون,1
أرهقونا,1
المناوبات,1
تنفيذ,1
التهكير,1
حديثا,1
أتأقلم,1
وتستطيعون,1
تبليط,1
الشوكة,1
الجليدية,1
أكلته,1
مثلج,1
بالسعادة,1
مشتعلة,1
سأستعيده,1
القادم؟,1
عيناه,1
كانتا,1
تنظران,1
للخارج,1
سمعة,1
قطعتان,1
أزالوه,1
نشرنا,1
نفتحهم,1
أولي,1
بالموضة,1
معاينة,1
لمهرجان,1
أنشأت,1
وستدخل,1
خاصتي,1
فسأحاول,1
عجلتان,1
وعجلة,1
بالشركة,1
ستكونان,1
موجودتين,1
إعادتها,1
القاضية,1
ومنطقة,1
فبناء,1
حذفها,1
وبدأتم,1
ترسلون,1
لأوائل,1
وتنسخه,1
وتتحسن,1
جاذبيتها,1
النظرة,1
تتبعك,1
مختلطة,1
تأتون,1
وتختارون,1
تضغطون,1
سيصنف,1
المساهمة,1
تأثيرا,1
يستخدمونه,1
سأتحدث,1
سأنتقل,1
الأيمن,1
وللآيفون,1
جاءنا,1
فلندعنا,1
الوضعية,1
فلنضع,1
خطأي,1
وأطلنا,1
نطيلها,1
الذهبي؟,1
شعر؟,1
الموتور,1
سأنهي,1
اهدأ,1
وسنأتي,1
بسلام,1
الوصلة,1
أحجار,1
مستخدما,1
بأكمله,1
للإطار,1
لركن,1
للبنجاب,1
مصغرة,1
يتوضح,1
حينها,1
تظلم,1
البذلات,1
حياء,1
وقلة,1
تهبط,1
العربة,1
تأخذوها,1
الشهرة,1
بعدة,1
بالمزيد,1
سيقدم,1
وكيفية,1
تقعوا,1
المدفوعة؟,1
نشرناه,1
الزرقة؟,1
يغيرون,1
أعدهم,1
بحزمة,1
استعدته,1
أحبوا,1
للسبعة,1
خسرنا,1
حاصروا,1
يتفقون,1
التحايل,1
وسيذوق,1
يذوقونه,1
فأتمنى,1
تقفوا,1
للقصف,1
والتهجير,1
والتشريد,1
غنيمة,1
تتحصن,1
والأعداء,1
للثلج,1
قدم؟,1
يتبعونك,1
مظهرهم,1
يدين,1
وأرجل,1
الرنة,1
للاختصار,1
بمظلة,1
تحولها,1
الاختصار,1
فلنفتح,1
نتجاوز,1
أضبط,1
ونعد,1
لننتظر,1
لنستخدمها,1
مرهقا,1
النعاس,1
الكمية؟,1
سيرسلون,1
تعويضا,1
أجبت,1
المنتشر,1
سأنشره,1
كاذبة,1
بالمرسل,1
سيظل,1
تقودها,1
للتشرد,1
والفريق,1
ستنتقلون,1
سأحكي,1
بسلام؟,1
الشركة؟,1
فاكتبوها,1
بتحضيرها,1
بدلتي,1
وتحضر,1
مكلفة,1
البطولة,1
نملك,1
سترافقنا,1
فنشرت,1
ستشعرون,1
مشاهدته,1
شاهدتموه,1
وتضعوا,1
واستخدمت,1
سيتزايد,1
رموزا,1
المنشورات,1
بإضافة,1
ويستفيد,1
الأرجح,1
الأنوبيس,1
للشراء,1
أحلى,1
مظهره,1
الفاتح,1
وارقصوا,1
بالرقص,1
وقتلهم,1
تجدونها,1
تنتهوا,1
أرصدة,1
الإزالة,1
بشعة,1
أكرهها,1
وسهران,1
وقطعتان,1
أتوهم؟,1
اكتسبنا,1
تتجاوز,1
ذهبنا؟,1
أعطانا,1
وأدخل,1
تلومون,1
وأساطير,1
ينفد,1
نتحقق,1
بتسوية,1
رقما,1
الإحصائيات,1
تفويضا,1
مقطعان,1
قبولهما,1
أسباب,1
للرفض,1
أملكه,1
وسأخبركم,1
تلقيت,1
ستتعامل,1
فبالتأكيد,1
سيساعدك,1
يتجه,1
نقص؟,1
مأوى,1
للإوز,1
ستعاد,1
نحسبه,1
يتزايد,1
بالفصحى,1
أغلب,1
نوسة,1
لترقية,1
توضيحا,1
يحتويه,1
يستعملونه,1
القسائم,1
ألف؟,1
وأربعين,1
سأعيده,1
لاحظتموها,1
الفرقة,1
ومدته,1
لتجمعها,1
يفتحون,1
المثقاب,1
أبت,1
مشاركا,1
ستقومون,1
شاهدتموها,1
والقمل,1
رؤى,1
للقلوب,1
وسأشرح,1
قلوبا,1
وأكتوبر,1
تنزيله,1
مكشوف,1
الشقية,1
الشقية؟,1
ساحرة,1
وشقية,1
استبدل,1
وسكين,1
لقنبلة,1
والأجمل,1
بالأشباح,1
منتبها,1
يواجهني,1
سينتهون,1
والعجلة,1
تخصصها,1
سأكمل,1
خطوتي,1
تدعني,1
عصبية,1
تتحدثون,1
لنأتي,1
النظافة,1
بحرقها,1
سأخطئ,1
نصيحتنا,1
اشحنوه,1
عوائق,1
نتخبط,1
ولكننا,1
وبصدق,1
أنجزها,1
لتشاركوه,1
كلاسيكي,1
ليسترد,1
الجلسات,1
ولكنهم,1
يتركوننا,1
المشدودة,1
نفحص,1
بدونه؟,1
مستعجلا,1
عاتقكم,1
الاستيقاظ,1
سكوبات,1
مبكر,1
يأخذني,1
نشيطا؟,1
علامتي,1
سأرمي,1
للهول,1
أضرت,1
دخانية,1
غيروه,1
تحسدون,1
تغيرونها,1
تقيمونه,1
أكتوبر,1
تحديثات,1
والقابلة,1
والتخلص,1
شاهدته,1
أيد,1
الأوز,1
اطلاع,1
لديسكورد,1
تختار؟,1
للإنجليزية,1
تتحدونني,1
فاضطررت,1
والأندرويد,1
وتلحق,1
الترجمة؟,1
خياران,1
أوسط,1
أوروبا,1
فيصبح,1
موزة,1
تعاملاتي,1
أصدقاؤكم,1
ولديهم,1
اللمبة,1
يؤذون,1
تستخدمونه,1
القبضة,1
والمهارات,1
الإصدار,1
بالإنجليزية,1
خوادم,1
آمنة,1
ومضمونة,1
والشورت,1
رأيتهم,1
والمحرك,1
أمنيتك,1
وكمية,1
بالقناصة,1
تثبتوا,1
لتنزيل,1
الحزبة,1
أفز,1
معركته,1
لجزيرة,1
تكتمونها,1
عائد,1
فليحدث,1
فلينتظر,1
سأتأكد,1
رسما,1
للأم,1
الذوق,1
والفوضى,1
خاصة؟,1
الواضح,1
ابتدأت,1
تتسرب,1
لديهن,1
أساعدكم,1
دخلتم,1
فلنغير,1
ومعظمه,1
أظهروها؟,1
إسكان,1
للكريسبو,1
نخبركم,1
بدور,1
بالنمط,1
المواقف,1
الطريفة,1
أشكالهم,1
لعشرة,1
فالسعر,1
كلاسيكية,1
سيطلب,1
النظامية,1
جربتموها,1
كلفتكم؟,1
وقم,1
والسعة,1
تجديدها,1
سيصل,1
الكذب؟,1
تحبوه,1
سابقة,1
وسأنزل,1
استخدمتها,1
العلاج,1
المراقبين,1
المرجح,1
السمات,1
مسلسل,1
ويقاتله,1
بخبير,1
المركبات؟,1
أعطونا,1
إضافية؟,1
ترميك,1
وستلاحظون,1
الطائرات,1
الدرون,1
وفريقك,1
يغطي,1
خلفك,1
تدعه,1
المتبقية,1
شائع,1
واسمه,1
أحتاجه,1
والبذلة,1
سأضعه,1
الصليب,1
إياه؟,1
الممتلكات,1
سأحرق,1
ونضعه,1
لتخطيه,1
سبعمائة,1
تجمدت,1
فليظهر,1
فتحناه,1
خطي؟,1
الحركات؟,1
الترويج,1
للتغطية,1
لعيناي,1
فسأصوت,1
وأعطيته,1
تعتبره,1
تلاحظوها,1
الكبسولة,1
نوعان,1
وفضية,1
مسجلة,1
أزيلنا,1
فأتوقع,1
المتنوعة,1
تنصحنا,1
والعجلات؟,1
تحرقه,1
وصديقه,1
تحذير,1
سخيفا,1
ستتضرر,1
يجيد,1
وتفجيرها,1
وأتحدث,1
الشبكة,1
يعتقدون,1
بإعادة,1
روابط,1
البنغ,1
طرحه,1
عنوانه,1
أضافوه,1
وسيظهر,1
عينة,1
يشاهدك؟,1
تعطيله,1
الأورج,1
تطورات,1
ستستعيدونه,1
للباقات,1
الإنترنت؟,1
تنانير,1
سأفكر,1
وجاءنا,1
تزلق,1
سنأخذ,1
الفضة,1
ستخف,1
يومان,1
أنهوا,1
المهام؛,1
فتصل,1
لأولاده,1
ونشرت,1
فدعوني,1
بالتحديد؟,1
أربيل,1
وتجمعها,1
ومعلومة,1
وأسطوري,1
متحركا,1
الاصطناعي,1
كار,1
تسهيلات,1
تتضح,1
الآلية,1
تعاونا,1
وعرفتموه,1
ستضاف,1
بالفتحة,1
الأخطبوط,1
ومزيد,1
أرجوكم,1
ليتعبكم,1
لتطبيق,1
اللعين,1
سيارتان,1
استردادها؟,1
للمبادلة,1
السحابة,1
لنفتحها,1
كتجربة,1
موضع,1
بالحركات,1
سنضعها,1
لأعينكم,1
جميلين,1
سنتركها,1
للتجربة,1
ترش,1
مشكلتهم؟,1
ونغيره,1
متحمسا,1
ليصلني,1
شعبيون,1
مخلصون,1
استردادهم,1
يستمرون,1
وتجد,1
لنسخ,1
صوتيتان,1
حلقوا,1
أحرقني,1
فأريد,1
وأستيقظ,1
لأجده,1
محروقا؛,1
محروقا,1
تصلكم,1
أخوتي,1
وتضعهم,1
مصمما؟,1
للأشخاص,1
يأتيكم,1
الصحة,1
للأول,1
وتصبحوا,1
لتصبحوا,1
وأتمنى,1
ستراها,1
نستبدلهم,1
بالأشياء,1
وفنانين,1
جني,1
عودكم,1
حدثان,1
يحدثان,1
ولعبة,1
سيستغرق,1
ليتحسن,1
شغلتها,1
ستظل,1
الخلفية,1
تستهلك,1
نظامك,1
وساحة,1
نعيدهم؟,1
تعيدوهم,1
الرؤية,1
للمسافات,1
البعيدة,1
يدقق,1
سينتشر,1
آخرون,1
دقتهم,1
يزيدون,1
وترغبون,1
بدراغون,1
وأحسن,1
مشابهة,1
للتي,1
بحركاتنا,1
الغناء,1
ننتبه,1
والدعامات,1
سنخرج,1
أعين,1
وعدتكم,1
سالم؟,1
مجدية,1
مستحقة,1
بهما,1
وحقيبة,1
للطاوة,1
تلقيته,1
الساكنين,1
ملؤها,1
يصوتون,1
تملأ,1
وتقدموا,1
قليل؟,1
سترة,1
الوقفات,1
وخرجنا,1
شيشة,1
صينية,1
وحظكم,1
بدونها,1
ستقفز,1
جميلتين,1
أكملت؟,1
ولطيف,1
مطروح,1
أطلب,1
توقيتا,1
ستلاحظون,1
ورائع,1
ساهرون,1
جلبتموها,1
فلنقل,1
بفتحها,1
أظهروا,1
بلغ,1
تتعبنا,1
منته,1
فتستطيع,1
الأركيد,1
تجدون,1
المدن,1
وستشاهدون,1
المتوسطة,1
والضربات,1
المثالية,1
تحمينا,1
فلنقم,1
لنصبر,1
أسبوعا,1
متبقيا,1
قليل؛,1
وستظهر,1
نمجد,1
نمدحه,1
ونقره,1
أوبس,1
الإمداد؟,1
المختبر؟,1
لنبحث,1
لتنجح,1
وخرجت,1
مثالية,1
نخرب,1
العبرة,1
العيب,1
الفردي,1
غودزيلا,1
نسيتها,1
أجابني,1
الترويجي,1
تحديثان,1
سأقدمها,1
بمشاركته,1
باستدعاء,1
لإتمامها,1
وكتابة,1
ثانيتان,1
يكملون,1
ويتعبوننا,1
أطفأت,1
التخلص,1
فتخلص,1
بمبلغ,1
وضاع,1
ثنائية,1
اندماجا,1
وضعه؟,1
وعشرون,1
فيكون,1
الهوائية,1
العجوز,1
صغارا,1
لشعره,1
لتحسين,1
أنجز,1
ومفصل,1
الإشعارات,1
أسطول,1
تنزلون,1
مهمتك,1
ألعابا,1
ستمتلئ,1
للماء,1
سيرتفع,1
المئتين,1
إطلاق,1
استدعاؤه,1
محدد,1
مجددا,1
سأستخدم,1
تقوية,1
تعافيت,1
معالجته,1
أجهزتنا,1
تقررون,1
بمصممي,1
عنوانا,1
قطار,1
وقناعان,1
وباروكتان,1
القط؟,1
بالسيارات,1
بالأول,1
الظاهرة,1
النظارة,1
يستخدمه,1
شخصان,1
نفعلها,1
بطاطا,1
بتبديل,1
وتقود,1
وقفزات,1
تمنحك,1
تنقلا,1
ستلاحظ,1
بالبدلات,1
وستحصل,1
ستتوفر,1
وأسلحة,1
يفسدون,1
لنشاهدها,1
لحظ,1
سأرسلها,1
مفتوحة,1
ونعيده,1
عاقلا,1
لكانت,1
يكلف؟,1
حبيبة,1
سنجربه,1
تنقلوه,1
وغبت,1
لتجميع,1
خاصتكم,1
وميزة,1
تؤهل,1
يسرع,1
بأصدقائك,1
نشرها,1
وتفعلون,1
بنسخ,1
والهوية,1
احتفظوا,1
للأوقات,1
المقبلة,1
يدخلوا,1
ويروا,1
إحصائياتك,1
معتبر,1
سيقبلونك,1
يرفض,1
توك؟,1
فأول,1
افتحها,1
وتنشره,1
ألوانها,1
أسعار,1
للطائرة,1
الشراعية,1
مراقبون,1
دائمون,1
أعمارهم,1
أخلو,1
وأذكركم,1
تلتقطوا,1
تركبون,1
ستطورون,1
طبقين,1
يأتيان,1
باختيار,1
زعيم,1
وسأستعرض,1
وضعا,1
ستخبرنا,1
الطراز,1
لنفسي؟,1
ينقل,1
ولاختفاء,1
ستنضم,1
بالتنين,1
بأسماء,1
أستون,1
وكتابته,1
والبحث,1
الفترات,1
والآيفون,1
الخوادم,1
التخصيص,1
والحواجب,1
والعيون,1
أنظمة,1
الطبيعيون,1
وأخبره,1
للتعديل,1
نوى,1
وقتا,1
يزيله,1
اعطني,1
نخرج؟,1
المدة,1
فستكون,1
لنغير,1
ونحضر,1
كيلوغرامات,1
تابعة,1
لفيراري,1
زعيمهم,1
٨٥٠٠,1
إنفاقا,1
بالمحاولة,1
توعية,1
واحدا؟,1
الجوانب,1
هدفنا,1
إخراج,1
وكشفت,1
تعرفوا؟,1
السكنات؟,1
لإزالتهم,1
مكتملون,1
خرافية,1
فبمجرد,1
طرحناه,1
أساسها,1
تنظروا,1
استعادة,1
أقصه,1
تضيعوا,1
جهودكم,1
يلاحظها,1
يختص,1
رأي,1
ظهور,1
الديناصورات,1
يهز,1
تدخلوا,1
أطلنا,1
مذنب,1
تفوزون,1
تنفقوا,1
جولة؟,1
مئتي,1
بالجولة,1
ستضيفون,1
فوقهم,1
وتفوزون,1
وتكسبون,1
تسميه,1
منهجي,1
صداقة,1
الفوائد,1
تعطى,1
مراجعة,1
محظوظا,1
فاتتك,1
أتعبني,1
وتأثير,1
فنضبط,1
والتشبع,1
ادعموا,1
انضمام,1
وستستفيدون,1
نظارة,1
أحبابي,1
يقدمونه,1
يقدمون,1
وجميلا,1
نزعجكم,1
يرونها,1
أسرعنا,1
بإرادة,1
لنفعل,1
وقطعتين,1
رقصة؟,1
وضعها؟,1
بهكذا,1
وتقديم,1
جائزتك,1
عشرون,1
بمقاس,1
المدخنين,1
للمسابقة,1
سنجد,1
انطلاقة,1
بالمرفقات؟,1
التعطيل,1
وسندخل,1
سنعطيه,1
سنخبركم,1
ودقيقتين,1
منها؟,1
للنهاية,1
الخلطة,1
التسعة,1
بقوا,1
أتجاوز,1
يكملونها,1
إرانجل,1
وانغمست,1
الأجنحة,1
سيخرب,1
الاتفاق,1
جهتنا,1
أكرر,1
نشرة,1
سهلتان,1
أعداء,1
التلفاز,1
تحققوا,1
إضافتها,1
سأجهز,1
خيمة,1
وسنجربها,1
مطلوبا,1
أبراج,1
نداء,1
بوتا,1
مجربة,1
واستيقظت,1
سأتوقف,1
ونتخطاها,1
واستلم,1
يفكك,1
القبضات,1
وملابس,1
سكينا,1
المستفزة,1
قصتين,1
إعدادات,1
قبلة,1
يتقدمون,1
تقلد,1
إيرينجل,1
سيتوزعون,1
ومجموعة,1
تخرجه,1
ستحتاجونها,1
تسألون,1
لتجمع,1
مرائب,1
ستطيلون,1
برسالة,1
الخزنة,1
مجانيا,1
إلزاميا,1
بقيادة,1
سينزلونه,1
للفترة,1
ثلثا,1
وأطوره,1
حاولوا,1
فسيكون,1
فتخمين,1
بحظ؟,1
بحظي؟,1
تتحملوني,1
لأوضح,1
تسألونني,1
ستفتحون,1
يعجبكم,1
أحبائنا,1
تنفيذه,1
الأبراج,1
كماشة,1
إشعال,1
افتتاح,1
ينشرون,1
خيالهم,1
توقعاتهم,1
مقابض,1
لنتحدث,1
شدة؟,1
سأشتريه,1
ظاهرتان,1
للمحرك,1
ألوان,1
تغييرها,1
متناسقة,1
ألوانا,1
ولصق,1
يتبين,1
تكلفته,1
وأهم,1
شيئين,1
مؤهلة,1
بمظلة؛,1
بالحزم,1
لتحديث,1
حزمة؟,1
وحاصل,1
أرفعها,1
سيشاهدون,1
فسأرتب,1
وستنتهي,1
سيزعج,1
أصدقاءك,1
مزعجة,1
حزامها,1
طيب؟,1
وأعطيك,1
تشكرنا,1
بمحاولة,1
لنجربها,1
حواري,1
رفاقي,1
الزائدة,1
أساعده,1
لكليهما,1
ألغ,1
الكلمتين,1
وحسابهما,1
مشتري,1
لتتأكد,1
الجديد؟,1
إثباتات,1
يتولاه,1
الخزانة,1
يحسن,1
مشاركتك,1
التسابق,1
للطيور,1
وبطيئا,1
يلاحقني,1
بالمجان,1
حقا؛,1
وتعتبر,1
تتباطأ,1
يضيفون,1
آلية,1
وتشفط,1
سلاحان,1
سأريه,1
ستفوتك,1
جاءتنا,1
رخيصا,1
للأمر,1
البدلات؟,1
تضف,1
تنينان,1
للكلمة,1
تتغزل,1
ادرسوا,1
ترجموها,1
ضعوها,1
بالبدلة؟,1
تقيمون,1
بحزن,1
الأحباب,1
المكافآت؟,1
والحلو,1
والرقص,1
أنزلكم,1
وأشاهد,1
لننفذها,1
انطلقوا,1
والجندي,1
وصندوقنا,1
سأفرك,1
مترية,1
معجبا,1
بالفيسبوك,1
تفضلون,1
سنرجع,1
تزعجوه,1
وشخصيته,1
القراء,1
المغامرات,1
وعادت,1
سحبة,1
وسيعيدونها,1
وجوهر,1
ننشر,1
للدعوة,1
للدعوات,1
والمسك,1
أختصر,1
وأدعوه,1
للذي,1
فنريد,1
يمنحنا,1
مخفضة,1
تلغرام,1
وأرسلوا,1
نافذة,1
أرسلتها,1
الكرتوني,1
الأنمي؟,1
والشكل,1
أساسية,1
وغنائم,1
تسلية,1
ستتوفق,1
تعديلا,1
مذهلا,1
استمتعوا,1
بحرية,1
يعيدونها,1
الوحش,1
ستصلك,1
إشعار,1
تصويرها,1
المشرفين,1
تسألهم,1
والبريد,1
تسألوا,1
إندونيسيا,1
وإنشاء,1
الأيقونة,1
يدويا,1
قدمتها,1
بجهود,1
الأفضلية,1
تراكم,1
سيكلفنا,1
لأشخاص,1
ستكلف,1
ويتم,1
فككه,1
وتتخطاه,1
تعودون,1
الأعلم,1
مسجلا,1
سجلتني؟,1
وسارت,1
شداد؟,1
تحديدا,1
أعزاءنا,1
نعدل,1
بزيارة,1
الشكلى,1
الإسكان,1
أبدعت,1
تصلنا,1
أفوز,1
متناسقا,1
الشعلة؟,1
والجسم,1
مخدر,1
والرقصة,1
تناسب,1
متناسقون,1
للسكينات,1
يشككون,1
لتعود,1
سأجمع,1
توتر؟,1
الخصم؟,1
المحاولات,1
نخلط,1
وميض,1
تجاوزته,1
تجعلها,1
تتعبني,1
بألفين,1
رزمة,1
سريري,1
لنراها,1
يسمى؟,1
صالات,1
لاحظنا,1
سنزيل,1
الوردي,1
نرغب,1
بياناتنا,1
ونترك,1
فراغا,1
اسمان,1
وتحقق,1
امسحه,1
لتجرب,1
أطبقها,1
أحافظ,1
ثبات,1
العمليات,1
والطريقة,1
أسجل,1
حدادا,1
يفتقرون,1
مدرب,1
ليستلم,1
تجاوزت,1
حكمة,1
ترميه,1
المحظوظ,1
السيئ,1
لتفتيح,1
بالتوترات,1
أخرجي,1
ستفيد,1
والقارب,1
ليخرجوا,1
أمامنا,1
لنغلق,1
ماهي,1
يحالفنا,1
لأحضرها,1
إغلاقا,1
ونزيل,1
أكملها,1
ارحمني,1
أفطر,1
لنزيل,1
الحصة,1
أنجزتموه,1
كإنجاز,1
رقمه,1
مجددا؟,1
أطيل,1
متساو,1
بوجودكم,1
تحبطني,1
أصلا؟,1
حقكم,1
تحقيق,1
والانقطاع,1
سأموت,1
أتقنت,1
سلسلة,1
بتحديد,1
وحذفهم,1
بالتحميل,1
ومحبطة,1
قدمنا,1
خصيصا,1
متعنتا,1
فتجبره,1
تعنته,1
وتجعله,1
أحضرنا,1
ملحقا,1
للشاشة,1
تبطئ,1
وتجمده,1
سألتموني,1
بألقاب,1
منشئا,1
جودته,1
الاسترداد؟,1
الملاحظة,1
نوجه,1
نتركها؟,1
أتخذ,1
حكما,1
أكررها,1
سنتوقف,1
تخمنه,1
تبتعد,1
تملأها,1
الوحيدة,1
والدينية,1
تشر,1
تدخلون,1
القريب,1
سيضيفون,1
يعلمكم,1
تضربونه,1
بضربات,1
الثمن,1
الكنز,1
تنشر,1
بالبحث,1
والتأكد,1
أنشرها,1
النسخ,1
واللصق,1
التثبيت,1
ستبقى,1
إلقاؤك,1
المقبض,1
تكملة,1
يقطعه,1
تلميحا,1
نخاطر,1
فالأفضل,1
عددها,1
وأعطيتها,1
تعطلت,1
هاتان,1
آلام,1
بهذا؟,1
كغطاء,1
بتقسيمه؟,1
يستقر,1
أرسلنا,1
الدببة,1
يتشاحنون,1
ضخمة,1
وممتلئة,1
أبشع,1
المصممون,1
ذكرتم,1
لإضافة,1
ومقبولا,1
نزيله,1
ونأخذ,1
لعمل,1
للإمداد,1
نرسلها,1
سيخمن؟,1
ستخرج,1
يفرغ,1
تشغيلية,1
البيضة,1
آخرين,1
تستحم,1
معالجة,1
الرياضة,1
لتقوي,1
أحببنا,1
اللعبة؛,1
سأقص,1
أسلحتك,1
آلات,1
تحسينه؟,1
الجاهزة,1
سأدلالكم,1
للألعاب,1
المثبت؛,1
ترجمة,1
الرابط؟,1
طرود,1
التعليقات؟,1
وذكرت,1
فاترة,1
ستخسر,1
صححوا,1
تغطيها,1
داخلها,1
تشاهدون,1
أثر,1
متعبون,1
سيفيدك,1
ذكاؤه,1
الجيدة,1
أعجب,1
وينهيه,1
كيسه,1
العليا,1
المنطقة؛,1
صعدت,1
المصورين,1
تسلق,1
شاهدتم,1
منحه,1
سنواجه,1
فأعرف,1
بالتخطي؟,1
نأمل,1
نؤكد,1
بتفعيل,1
وأنك,1
أشار,1
أغرقوني,1
واستفدتم,1
التعريف,1
وتضعه,1
تظنوا,1
الصيحة,1
السكاكين,1
تخصيص,1
الأزرار,1
أزرار,1
وستتمكن,1
أنزلته,1
بالموسم,1
الحادي,1
المجلات,1
والطاوة,1
تأكيدا,1
للمسلسل,1
مسامير؟,1
بالألعاب,1
نصبه,1
والاستفادة,1
بتأثير,1
تجيبوني,1
بتلة,1
الكيوب,1
أسأله,1
دوكاتي,1
الجولات,1
أنمي,1
بتلك,1
أصدرنا,1
وتاريخ,1
وأغرب,1
لوجهة,1
يقارب,1
وبكل,1
استبعاد,1
تنقية,1
السجلات,1
تنتهون,1
وتجمعون,1
الأحجار,1
تستعملونها,1
رومانسية,1
حالتك,1
بندورة,1
طماطم؟,1
سيختفي,1
سنطلب,1
يجري؟,1
القوالب,1
سننضم,1
أهدئ,1
مبالغة,1
بالأعراس؟,1
للعروس,1
والعريس,1
تغلق؟,1
محروقة,1
غريبة؟,1
ملونة,1
تدخلين,1
لعلنا,1
موفقين,1
طائرة,1
سأضربها,1
محصنة,1
الشيفرة,1
وأستفيد,1
وأضغط,1
يتحققوا,1
بمفرده؟,1
نقرت,1
موضوعنا,1
والمعالج,1
أمسكنا,1
عناصر,1
نحصن,1
خطتي,1
ونراهن,1
سنخاطر,1
بتصليح,1
أمسكه,1
افحصوا,1
سنراعي,1
مشاعره,1
نعتبرها,1
حزين,1
تغلبنا,1
نراها,1
نجاحا,1
لتأكيد,1
قصت,1
وسترى,1
وستستفيد,1
أضاف,1
نمسكه,1
يشاهدون,1
لرفع,1
اقطعوا,1
متفوقا,1
ونضربه,1
أتخطى,1
والاختيار,1
العشرينيات,1
مظلاتهم,1
ستصير,1
بالإنزال,1
والنظام,1
سينشرونه,1
سيقال,1
شحنها,1
لشداد,1
سيوزعون,1
يوزعون,1
لمئة,1
تشترونها,1
لأنكم,1
بيتية,1
تجريبية,1
الروم,1
مقفلة,1
إنهاءها,1
الشنطة,1
سيارته,1
سيقوم,1
ستختار,1
محددة,1
للتوقفات,1
رقصها,1
تنزع,1
وبمجرد,1
يصلن,1
سيفتحن,1
يصلك,1
وتشاهد,1
وسنكون,1
جهازهم,1
الموقع؟,1
أوضاعك,1
بأحسن,1
اضبطها,1
بإطفائه,1
لتأتي,1
استخدموه,1
اغلق,1
الصدى,1
بخفض,1
وتغطيه,1
ودعه,1
ليخفضه,1
ستخرجك,1
أكملنا,1
أعزائي؟,1
دولتك,1
سيعني,1
للمشاهدة؟,1
النهائية,1
الورود؟,1
تدفع؟,1
لمجموعة,1
فانسخ,1
وأضفه,1
واضغط,1
المخيم,1
مرهق,1
تفهمني,1
ينظم,1
بالشخصية,1
سيبقون,1
جهود,1
تعاونية,1
ترتديها,1
تستطع,1
نحزن,1
رأيي؛,1
اعتقدوا,1
الاختفاء,1
وتثبيته,1
مكشوفا,1
نستهدف,1
يرمونه,1
سيعيدونك,1
النفسية,1
سيكون؟,1
بعودة,1
التدوير,1
وتأخذون,1
لسبعة,1
التجديد,1
بتأكيد,1
قبولي,1
جهتي,1
يتأملون,1
بسرعة؟,1
كأول,1
وتقومون,1
بالتمرير,1
لأسفل,1
زجاجتا,1
موجودتان,1
دولارا,1
شراءه,1
استبدال,1
صورت,1
بالخمسين,1
صفقة,1
نازلة,1
ليتنا,1
واستمررنا,1
واضرب,1
الأخيرة؟,1
للعام,1
والمزاج,1
مهرتان,1
جديدتان,1
ينتقدني,1
الشاحنون,1
سيشحنها,1
بالعشرين,1
رسمية,1
سنتمكن,1
الإمساك,1
سيكلفه,1
استكمال,1
لتوصيلها,1
بمشيئة,1
سننجح,1
جيولوجيا,1
الصعبة,1
زرتموها,1
الإسعافات,1
الأولية,1
لاعبون,1
التخدير,1
تسهران,1
اخرجي,1
انقلبت,1
الروسية,1
وصفحة,1
هويتك,1
كشهادة,1
التمويه,1
سنعرضه,1
بتنزيلها,1
تقيمه,1
وأريدك,1
دكتورا,1
صرفهم,1
نتحكم,1
بجوائز,1
شركته,1
سيبدو,1
تأشيرة,1
دليلا,1
لتطبيقات,1
الحمية,1
عراقيا,1
رصيدك,1
لأجربه,1
الموزع,1
سيرفعونه,1
التوتو,1
البرازيل,1
أدرجناه,1
لاسترداده,1
الفاخرة,1
والأسلحة,1
اعملوا,1
وضعك؟,1
لنجمع,1
التين؟,1
امسكها,1
وأمسك,1
الخادمة,1
ورفيقتك,1
مضيئتان,1
تحتاجونها,1
نتخطى,1
جميل؟,1
الإشارة,1
الغاليون,1
تتركون,1
أوه,1
مؤقتون,1
قطرية,1
ويداي,1
نظامي؟,1
أضربنا,1
تطل,1
المرأة؟,1
حركة؟,1
وسيفيدكم,1
أتوقعها,1
أقيمهم,1
التعبئة,1
ربطة,1
الغسالة,1
سيعطونها,1
يتفاخرون,1
سيبدأون,1
بمثابة,1
مقبض,1
نريدهم,1
أسعارها,1
غالين,1
فريقا؟,1
فزت؟,1
دفاع,1
جفت,1
ستراه,1
الدوار,1
قيلت,1
النصيحة,1
المشدات,1
سيرجعون,1
والأمان,1
نشرناها,1
بتكرارها,1
لأعضاء,1
تجاوز؟,1
بتمريرة,1
بصفة,1
نقية,1
إكسل,1
قالب,1
العجينة,1
الحكومة,1
تخزن,1
استمررت,1
أركل,1
يمررها,1
مركزا,1
الحالية,1
هوليوود,1
بكمية,1
أسد,1
نعلقه,1
حرمنا,1
متحركة,1
يشوه,1
الألمانية,1
يرتديها,1
وينسقها,1
والحذاء,1
وتسمح,1
لصديقك,1
يركلك,1
بالإرهاق,1
حكومة,1
صدم,1
التحسينات,1
لنظارات,1
وستجلبها,1
حذفه؛,1
للخطر,1
هاكر,1
للمشاهدة,1
بإصلاحها,1
بالمحتوى,1
للإخوة,1
أتطور,1
مدريد,1
واشتركوا,1
يرحب,1
لاعبي,1
للصفحة,1
الشعبي,1
سنستفيد؟,1
فليفسرها,1
يعطني,1
قلبا,1
نصادف,1
الزفة,1
قبعة,1
المحاصيل,1
المولدات,1
يمنحك,1
يحبه,1
آخره,1
تتصدقون,1
والثواني,1
وتابعوا,1
الشهر؟,1
