DA_word,count_DA
اللي,1247
ديال,920
غادي,580
شي,580
باش,452
صافي,420
ديالي,397
بزاف,354
بحال,342
را,296
هذ,290
ماشي,273
ليه,253
ديك,248
شنو,240
قاللي,222
حيت,211
شويه,205
دياله,193
والو,182
علاش,179
ديالها,177
مزيان,163
كلشي,163
دابا,159
ذاكشي,156
مشيت,155
كاين,154
هكا,148
درت,147
ندير,143
راه,135
منين,131
واش,122
هما,120
بغيت,119
هذك,118
ال,117
معيا,117
وغادي,115
احنا,110
عل,110
راجلي,107
ايوا,106
هذاك,105
كيقول,105
جوج,105
جا,103
وخا,102
ديما,97
عنده,97
للدار,95
تما,94
معايا,93
رجعت,93
كي,91
نمشي,91
كيفاش,90
ليها,89
اخويا,89
نقول,89
عندك,86
ديالك,86
فين,82
زعما,82
باغي,80
كنقول,80
بنتي,74
شحال,74
شفتوا,74
واخا,73
ديالنا,73
كاع,73
جات,73
دي,72
دار,72
يلا,71
كاملين,71
كيكون,71
فلانه,71
عندها,70
نهار,70
وصافي,70
كامل,70
غدي,69
بقت,68
هشي,68
لينا,68
بغيتش,67
كنتش,67
الفلوس,65
وحده,64
فيا,64
كيبقى,63
شكون,60
التليفون,60
مشكل,60
ديالهم,60
باللي,59
كيجي,59
وداكشي,59
زوين,59
اش,58
خويا,58
هنايا,58
عندنا,58
دير,57
كندير,57
وال,56
عاوتاني,56
شوف,55
قت,55
الشي,54
شوفي,54
كتقول,54
وكن,54
كنهضر,52
مازال,52
بابا,52
فيهم,51
الدراري,50
لقيت,50
هك,50
ماغاديش,49
المشكل,49
الحوايج,49
بغيتي,48
ملي,48
الهضه,48
عارفين,48
تمشي,47
مشينا,47
وياه,47
دوك,46
البلاصه,46
نتزوج,45
كنبغي,45
كتجي,45
بشويه,44
ضروري,44
كتكون,44
نعاود,43
جيت,43
نشوف,43
رجع,43
كنشوف,43
جاو,43
بقيتش,42
دايره,42
عارف,42
فيك,41
يجي,41
فاش,40
برا,40
واللي,40
كيدير,40
دارت,40
دوزت,39
ديري,39
عارفه,38
كنمشي,38
طلع,38
كتبقى,38
بجوج,37
داير,37
خدامه,37
مي,37
الكيك,37
كيما,37
ياك,36
نزيد,36
ماكينش,36
حوايج,36
نقدر,35
سنين,35
خير,35
وليت,35
نخدم,35
خصني,35
خص,35
كنحس,35
فينا,35
ديالو,35
تقدروا,35
نهضر,34
قالي,34
كون,34
كانش,34
هذو,34
درنا,33
هكاك,33
راجل,32
عفاك,32
وانت,32
بيا,32
راك,32
بنادم,32
بغاش,32
الحبس,32
مشات,31
وهذ,31
كين,31
لاباس,31
هضرت,31
كيهضر,31
ذك,31
بوحدي,31
ديالكم,31
نيت,31
واححد,30
مشى,30
كدير,30
باغ,29
سيمانه,29
ومشيت,29
نهائيا,29
المرات,29
بديت,29
خدام,29
بغى,29
بشي,29
تزوج,28
النمره,28
فلوس,28
عيط,28
عرفتش,28
قدام,28
انايا,28
بلي,28
هاد,28
عايشه,27
ودابا,27
حطيت,27
وكشي,27
مش,27
درتي,27
عاود,27
ماكي,27
الكوزينه,27
قالتلي,27
داز,27
وشنو,26
يقوللي,26
تجي,26
وكلشي,26
هضره,26
جت,26
باقي,26
شافني,26
وم,26
شوفوا,26
ولاد,26
كيشوف,26
الحيط,26
سميته,25
بصح,25
عرفتي,25
كت,25
داكشي,25
وك,25
عرفت,25
وكتقول,25
حامله,25
نخرج,25
بغيتو,25
نرجع,25
طلعت,25
عمرني,25
اتاي,25
بغيتوا,25
خواتاتي,25
بق,24
وكذا,24
عنديش,24
خصك,24
بلاصه,24
اشنو,24
بقاش,24
داري,24
نجي,23
فيشي,23
يدير,23
وقع,23
خديت,23
خدامين,23
شفت,23
دايرين,23
كنبقى,23
ناس,23
جاب,23
البوليس,23
الغد,23
كيبان,23
الوالدين,22
دازت,22
مراه,22
ندخل,22
كيبغي,22
كنبكي,22
وعندي,22
يجيو,22
قدامي,22
ندوز,22
بغات,21
وكيفاش,21
فيديك,21
الراجل,21
جاني,21
وحنا,21
كنقلب,21
الماكله,21
كنحاول,21
كنكون,21
البارح,21
واعر,21
وليداتي,21
الملحه,21
جاي,20
الدري,20
وعلاش,20
كاينه,20
نقدرش,20
وديك,20
دوزنا,20
عندكم,20
المده,20
قالل,20
خليت,20
كنقرا,20
كتبغي,20
وشي,20
راكم,20
هكذاك,20
دا,19
هزيت,19
حنا,19
بلاتي,19
بعدا,19
الهره,19
جاتني,19
نص,19
دغيا,19
كيعجبني,19
واعره,19
وبزاف,18
نمشيو,18
حت,18
عايشين,18
كدخل,18
نحط,18
السبيطار,18
كيدخل,18
باغين,18
كتبكي,18
نقوللكم,18
منلي,18
ناض,18
وماشي,17
بنتك,17
دوز,17
لواحد,17
وياك,17
بالليل,17
قلتي,17
عاودت,17
القرايه,17
شت,17
كنخدم,17
كيجيو,17
ورا,17
بال,17
الطوموبيل,17
كضرب,17
هذوك,17
كرجع,17
كنتمنى,17
هاني,17
خوتي,17
وكقول,17
وملي,16
يمكنش,16
وبغيت,16
ولات,16
خلي,16
هضر,16
سولت,16
نا,16
نقولك,16
داروا,16
عرفش,16
العيالات,16
وكيجي,16
بغ,16
صاحبتي,16
حسيت,16
حدايا,16
كنخاف,16
وقاللي,16
مجموعين,16
كتعامل,16
الاحسن,15
صعيبه,15
نعطيك,15
نقولها,15
ودير,15
كتقولي,15
كتهضر,15
كتخدم,15
بكري,15
كتمشي,15
صعيب,15
كيمشي,15
كنعرف,15
راجلها,15
ماكانش,15
خايبه,15
كناكل,15
كنزيد,15
لشي,15
كنفكر,15
يشوف,15
كنجري,15
عجبنيش,15
كتولي,15
شفتو,15
الذا,14
بعضياتهم,14
راكي,14
مراته,14
تقوللي,14
خصنا,14
خدمت,14
الضياف,14
كتعرف,14
كيدوز,14
كمل,14
يهضر,14
طحت,14
ماك,14
كنغو,14
الدور,14
ليهم,14
وكي,14
فييه,14
جبد,14
كندور,14
وراه,14
واقيلا,14
حط,14
نوصل,14
ديروا,14
كنبغيه,14
باغه,14
حاطه,14
وكندير,14
قلتلكم,14
تهضر,13
ود,13
وغ,13
مشيتي,13
ماغديش,13
ماقدرش,13
العشيه,13
كيقولك,13
كطيب,13
معليش,13
كنلقا,13
حوايجي,13
عجبني,13
غاديه,13
كقول,13
الطابله,13
الدرب,13
غندير,13
كنسمع,13
الموطور,13
يلاه,13
كشد,13
بعضياتنا,13
كانتش,13
خايب,13
ولادي,13
نوريكم,13
كيبغيني,13
راسكم,13
الهار,12
شن,12
وكت,12
عيت,12
ونص,12
صونيت,12
قلتلك,12
نعس,12
كندخل,12
وه,12
هكك,12
ساهله,12
اللايف,12
طاح,12
والوالده,12
كتشوف,12
قدرتش,12
بع,12
كيجيب,12
وت,12
شاده,12
بحالي,12
كنديرها,12
يدوز,12
كقدر,12
كنضحك,12
الدوا,12
كيبيع,12
فذاك,12
كنخرج,12
وكنب,12
سنيده,12
وباش,12
الطبله,12
النيت,12
الروز,12
الرز,12
لايك,12
تقدر,11
مرا,11
غاده,11
تشوف,11
نخلي,11
عطيت,11
نيشان,11
كق,11
كيقرا,11
قاللك,11
الباك,11
المزيان,11
كيعاود,11
لتحت,11
كديري,11
مطيشه,11
قلتل,11
كيضرب,11
ودنا,11
بديك,11
كنبغيك,11
عروسه,11
كتلقا,11
باغا,11
ناري,11
كنحط,11
الفرماج,11
هذيك,11
هادو,11
هادي,11
تنقول,10
نلقى,10
ينعس,10
مزوج,10
زوينين,10
باه,10
الخدامه,10
نعمر,10
وي,10
ونشوف,10
ميساج,10
نضت,10
وليتي,10
صحابي,10
ولدها,10
ويلا,10
باين,10
باباك,10
الوقيت,10
جينا,10
جايه,10
يخدم,10
غلط,10
كيجري,10
دراري,10
لل,10
خايفه,10
لدارهم,10
خلاني,10
خوك,10
كيقولو,10
الريحه,10
نخليها,10
وبديت,10
وبلا,10
وحدين,10
نخرجوا,10
البلان,10
باغيه,10
بوحده,10
ودرنا,10
قريت,10
غاديين,10
اللعيبه,10
جبدت,10
وولد,10
خاصني,10
عايش,10
تهلاو,10
درتها,10
فمهم,10
بنتها,10
الطم,10
شافتني,10
وشويه,10
نوجد,10
واعرين,10
العيشه,9
لداخل,9
قالله,9
نعيط,9
السميه,9
بغيتك,9
السي,9
كثر,9
نضرب,9
تنساوش,9
وياها,9
ومشينا,9
قليب,9
شديت,9
بقش,9
كياكل,9
كيدور,9
غاديش,9
عيطت,9
كيخدم,9
كيطيب,9
اطيني,9
كملت,9
كيبدا,9
طيح,9
نجمع,9
البيسي,9
الطاليان,9
درته,9
نوض,9
بغاو,9
الحك,9
مشاو,9
مالكي,9
كناخذ,9
ونشري,9
وبغى,9
وديت,9
وجوج,9
ساكن,9
نشوفوا,9
ودي,9
خليته,9
نبين,9
فرحانه,9
حاسه,9
وديري,9
لداري,9
سخون,9
وبقت,9
كتجمع,9
نحطها,9
ميمتي,9
اغلبيه,9
مقطع,9
ليا,9
بيناتهم,8
خليها,8
باغى,8
بيناتنا,8
طاحت,8
ونجي,8
بغا,8
بقتش,8
لدار,8
الخبار,8
وفين,8
كع,8
الدريه,8
تخدمي,8
ونعاود,8
فش,8
تخطبت,8
قتلك,8
عارفها,8
بقات,8
وش,8
مقابله,8
جايين,8
مابغاتش,8
كيخرج,8
ماكين,8
يجبد,8
يجيب,8
نزوج,8
لقاني,8
بغينا,8
لافاك,8
خا,8
كنحماق,8
قلتلها,8
قدرت,8
عندكش,8
ناعسه,8
كدي,8
كتخلي,8
قلتلي,8
ككبر,8
شتي,8
كضحك,8
نقيه,8
قديت,8
فحال,8
خلا,8
قربوا,8
دقه,8
بداو,8
يبان,8
معاه,8
خليه,8
كتبان,8
وجا,8
وكاين,8
تدي,8
نجبد,8
فقت,8
كيعطي,8
الصاك,8
لقيته,8
خصه,8
بغيتها,8
نديرو,8
كيحماق,8
وراجلي,8
كنصب,8
للطبيب,8
وندير,8
بالخصوص,8
الخطابه,8
خليتها,8
كتحمر,8
نتلاقى,8
باينه,8
وكتجي,8
كيطيح,8
سميتو,8
فلفله,8
تشوفوا,8
الفران,8
نصاوب,8
المقرون,8
الفاني,8
السبراي,8
ماتبقاوش,8
ينوض,7
كاينين,7
وهذيك,7
تهضري,7
لداركم,7
طافي,7
يبغي,7
حس,7
تعاون,7
وا,7
جاتك,7
تسمعك,7
صوني,7
وهض,7
صيفط,7
يصوني,7
ويجي,7
ماكيناش,7
مشي,7
حدا,7
بغي,7
كتقرا,7
لقينا,7
كعرف,7
خصها,7
كيعرف,7
الميناج,7
بح,7
بداكشي,7
نشري,7
قلتله,7
تولد,7
ماقدرتش,7
المعانه,7
كنلعب,7
اليوتوب,7
كيخلي,7
ني,7
شدني,7
المعن,7
مننا,7
كيطلع,7
ماماك,7
كتش,7
كحله,7
ديريكت,7
تلاقيت,7
مزيانين,7
وجاب,7
ماكله,7
قهوه,7
كنطلب,7
وعيط,7
وهدشي,7
الديسير,7
كتح,7
ماديرش,7
وعطيه,7
نحيد,7
دماغي,7
رديت,7
هاز,7
عجبتني,7
جابت,7
وباغي,7
تجيب,7
تولي,7
واللا,7
بدينا,7
تجبد,7
عطاني,7
وبدينا,7
كيرجع,7
سالينا,7
ديريها,7
نقولوا,7
الدرجه,7
الشكلاط,7
كحسب,7
للدراري,7
كتبقا,7
ماهياش,7
طايب,7
كنوجد,7
كتجيني,7
نولد,7
نشاركها,7
حكيتي,7
الاذا,7
ناويه,7
راجلك,7
الغلط,7
ماكدبش,7
كيطلب,7
غزاله,7
لاصق,7
غالطه,7
ودايره,7
كجيك,7
كنبغيكم,7
المعالق,7
البوطه,7
كنضيف,7
الشربه,7
رطيط,7
الزاج,7
تستعملوها,7
تخمر,7
هاكا,7
تحس,6
قاللها,6
شافت,6
نوقف,6
ماش,6
دخلي,6
تصوني,6
وهذاك,6
الدقيقه,6
تبغي,6
غتكون,6
سمحيلي,6
داك,6
بحاله,6
اسي,6
وسيري,6
بس,6
طوموبيل,6
عطيني,6
خوها,6
بوك,6
نقلب,6
ونرجع,6
بغش,6
قالك,6
البعيد,6
بقاتش,6
كشي,6
يطيح,6
فهمتش,6
ذوك,6
فايقه,6
يبقاش,6
بلاصته,6
غادين,6
كتلف,6
واح,6
لقى,6
واقع,6
يعاون,6
خدم,6
عندوش,6
شد,6
ولادك,6
الحكام,6
الراي,6
كجي,6
تجيني,6
الهض,6
زائد,6
كريت,6
حليت,6
خرجي,6
طيحت,6
نحس,6
كعود,6
يديرلك,6
مراتك,6
ورايا,6
ريحت,6
خليتهم,6
شدوني,6
صح,6
ويقوللي,6
كتخ,6
الميكا,6
سولني,6
كتحس,6
وتما,6
غوت,6
ديركت,6
مضارب,6
نقولش,6
نسلم,6
ول,6
بقيتي,6
كتلقى,6
كدور,6
والغد,6
ونهار,6
كحمل,6
ماغادي,6
فيق,6
خرجتي,6
الباي,6
نشد,6
طلعنا,6
عطيته,6
نرجعوا,6
ومشاو,6
كنقد,6
وجات,6
العافيه,6
الكيسان,6
يقدروا,6
كتعجبيني,6
كيها,6
كرفض,6
نخطبك,6
كنعاني,6
خليني,6
العقليه,6
لراجلي,6
للارض,6
صغيور,6
رجعتي,6
كذبش,6
كتخص,6
لقيتها,6
خلات,6
قبله,6
مهليه,6
كطلع,6
كتعجبني,6
وبنتها,6
الوليدات,6
بهذ,6
كنفضل,6
مشت,6
وخليتها,6
كيولي,6
النيفو,6
حطت,6
الوزه,6
قرايتك,6
وحاطه,6
وبنتي,6
نطيب,6
معالق,6
الثومه,6
ديروها,6
الياغورت,6
بالشكلاط,6
كصور,6
تستعملوا,6
نخلط,6
شتوا,6
باتيسير,6
الفريز,6
ونزيد,5
تتقول,5
باغيك,5
الفلان,5
وقيت,5
اويلي,5
الديور,5
وع,5
عت,5
الاحساس,5
المرا,5
نقدروا,5
عفك,5
ولده,5
بحالك,5
تقولها,5
تزيدي,5
خذت,5
اولدي,5
اح,5
قتي,5
نشوفه,5
كنوني,5
لاه,5
لعند,5
الكار,5
قالتله,5
كنجي,5
كنبات,5
فينك,5
خرجتها,5
ولينا,5
بارطاجي,5
عندناش,5
خليك,5
عننا,5
البيبان,5
كيوصل,5
غن,5
نشوفو,5
زع,5
بالخل,5
مادير,5
ماي,5
النصاره,5
كلش,5
صحابه,5
يخدموا,5
كنديرو,5
وزوين,5
نصفط,5
نسالي,5
خدا,5
خبار,5
وخلاني,5
ماكش,5
خوي,5
وليد,5
وعود,5
قاللهم,5
خيبه,5
نغو,5
سكتي,5
يخطبوني,5
تقراي,5
وق,5
كندوز,5
خصهم,5
لقيتش,5
غا,5
ليك,5
مادرت,5
الكوميسير,5
طيحته,5
نسول,5
نعطيهم,5
للمدينه,5
الديبلوم,5
اخو,5
لكش,5
يعاوني,5
عي,5
نكونوا,5
للطليان,5
كنعرفو,5
نض,5
تفرجوا,5
كتخرج,5
طالعه,5
كتحكم,5
ناضوا,5
بقو,5
ماحسيتش,5
وجاو,5
كيقلب,5
سديت,5
نشوفك,5
نسمح,5
جاش,5
وشكون,5
كيضحك,5
شافوني,5
طلعتي,5
الخوت,5
كننت,5
كنجيب,5
حاضي,5
كارطه,5
كتبيع,5
خيزو,5
مهلي,5
عامره,5
والفلوس,5
ومش,5
حاط,5
اواه,5
يضربوا,5
كينش,5
وبنادم,5
كيغو,5
بانت,5
وانتما,5
نعست,5
تبقاش,5
دق,5
حداهم,5
لولدي,5
يشري,5
تكونش,5
ودوز,5
قدامنا,5
ولاو,5
خانز,5
قربت,5
طول,5
لهنا,5
حشمت,5
كنشرب,5
ماتبقاش,5
شفر,5
وداير,5
الجوج,5
نطلع,5
تور,5
حطيتها,5
كتجيب,5
بلاصتها,5
نخمم,5
نديروها,5
طلعوا,5
كنقص,5
وحق,5
ضت,5
خينا,5
وكيب,5
وخوتي,5
حالاتهم,5
خلاو,5
تجينا,5
طرا,5
كانوش,5
جاتش,5
وكاع,5
ونا,5
ماغن,5
وهكا,5
ومي,5
بلاصتي,5
بغيناش,5
ككذب,5
وخديت,5
للفيلا,5
نجيبوا,5
نعرفوا,5
سمعتي,5
كنشوفها,5
الغدا,5
يتعاود,5
نتعرف,5
خاطر,5
ومين,5
لابسه,5
كرد,5
لبيت,5
خيه,5
راجي,5
وراكم,5
كيعرفو,5
ودرتها,5
خديته,5
العشوب,5
عليا,5
مسالي,5
بالفقس,5
سخونه,5
سميتها,5
كيجيني,5
اختاريت,5
كطح,5
لاصقه,5
وكنموت,5
كنديه,5
كنح,5
عتي,5
وليدات,5
كنخ,5
وديال,5
بوحدك,5
بالزربة,5
كسالي,5
تقدري,5
وليدي,5
كثرت,5
كومنتير,5
بنيتي,5
ياكلوها,5
مادرتش,5
التحت,5
شفتها,5
كتحمل,5
كتقلب,5
لكمش,5
مزيانا,5
كتلصق,5
تبدل,5
مايكونش,5
بنين,5
البزار,5
وليداتكم,5
الجنب,5
نخليكم,5
الكاغي,5
فنه,5
الروبيني,5
عفاكم,5
فهذاك,5
نستعمل,5
السيمانه,5
نعطيو,4
عود,4
بقاو,4
جاتها,4
وراجل,4
دري,4
ولي,4
تيقول,4
فلانيه,4
وشوفي,4
نصلح,4
نصوني,4
تحط,4
خسرتي,4
تقوللك,4
نمرتك,4
نخوي,4
تعاودي,4
يب,4
تصدمت,4
قصح,4
غيجي,4
وتقدر,4
تنشوف,4
شوفات,4
قدامه,4
عجبتيني,4
وعجبتني,4
باك,4
وايه,4
تزوجتي,4
وغدي,4
تشري,4
مقبله,4
غتمشي,4
قي,4
لقهوه,4
كنتسنى,4
عاطيه,4
كتقطع,4
لعندها,4
تشوفني,4
خو,4
وكنش,4
القدام,4
ريوسهم,4
فراسك,4
الادمين,4
عك,4
سول,4
تخلعت,4
خدمتها,4
لتما,4
كحط,4
جتني,4
تنوض,4
خدمتي,4
نطيح,4
مزوجه,4
بزف,4
كيبغيو,4
كلك,4
النص,4
دك,4
كجمع,4
كريدي,4
خصش,4
الطلق,4
خت,4
حيد,4
كلمات,4
كبحث,4
الحومه,4
ويخليها,4
ليكوش,4
جداتي,4
تزاديت,4
حداها,4
ولادنا,4
باركه,4
وليداتك,4
ماكرهتش,4
بارطجي,4
كنبو,4
كنل,4
اللور,4
ماتيش,4
يحيد,4
ولت,4
كتسمع,4
تشوفي,4
قلتلهم,4
كرشي,4
ذاكي,4
جمعي,4
ماتجيش,4
الطياب,4
خلاتني,4
العيد,4
عطيتها,4
الشويه,4
حداك,4
يشافيك,4
بالضره,4
الخو,4
شاري,4
كاري,4
نوريك,4
قالش,4
لاش,4
غتولي,4
جابها,4
شو,4
الطاكسي,4
حكا,4
لخاطري,4
رجلها,4
دخلوني,4
مريحين,4
شدتني,4
ضار,4
نسافر,4
وج,4
كشري,4
عطتني,4
المكه,4
الكارو,4
ميكه,4
ماكاينش,4
كيبقاو,4
شفرت,4
وهد,4
طابله,4
مليحه,4
ناضي,4
وماكن,4
الطوموبيلات,4
بلاص,4
نوريهم,4
جبدو,4
كنسول,4
وتى,4
الساك,4
وماكي,4
الصرف,4
عطيتهم,4
لقوني,4
عيطوا,4
يشوفوا,4
الغراض,4
عد,4
حدانا,4
وده,4
دزت,4
اطوني,4
مادخلش,4
كنكره,4
ساهل,4
نبداو,4
المقله,4
وطاح,4
لالا,4
الكاشو,4
الشرجم,4
نبقاو,4
غد,4
وخليه,4
البورطابل,4
وكنشوف,4
قبيله,4
تخلص,4
بالخف,4
شدينا,4
ككيف,4
تعيط,4
ونجيب,4
كتعرفوا,4
كتسول,4
لعيبه,4
معطل,4
ماديت,4
للدرب,4
لبلايص,4
راسنا,4
تنزل,4
حكر,4
فرحانين,4
تحيدوا,4
بغيتيها,4
يطيب,4
فهمتوني,4
تليفون,4
امتى,4
اسيدي,4
كنتسنا,4
تهنيت,4
نحل,4
ضرت,4
يهز,4
وخليته,4
كيدي,4
الدومين,4
يخطيك,4
عجبك,4
عاودنا,4
تلاقينا,4
قنت,4
خممت,4
الرفيقه,4
العكر,4
كتصرف,4
يخليك,4
ويه,4
بصفه,4
كيبين,4
بقيناش,4
كنتلا,4
الضم,4
صغار,4
عجبته,4
جيتي,4
وبحال,4
نجاوب,4
المعقول,4
بغيني,4
لدارك,4
عقدت,4
بالمز,4
عطى,4
النعس,4
يرجع,4
ارتاحيت,4
عيانه,4
كتعجبو,4
كيوقع,4
مرتاحش,4
يلصق,4
يجيني,4
دو,4
وجاتني,4
كشكي,4
كيشرب,4
الفوائد,4
نفعني,4
كنشكر,4
وبسلامه,4
النوعيه,4
الحجم,4
وولده,4
وعرضت,4
جداد,4
ومازال,4
والعمر,4
وكتر,4
الفقص,4
راهي,4
وكتو,4
بذاك,4
حطه,4
التكوين,4
كتحف,4
لقدام,4
القطران,4
شريتها,4
نيتي,4
كتعاود,4
تشكي,4
وترجع,4
ماجبوش,4
العر,4
كملتها,4
حشاكم,4
خليهم,4
كزيد,4
كعيب,4
جبتني,4
لراسي,4
دوا,4
وتقدروا,4
الزنجلان,4
الجاي,4
عمرت,4
فديك,4
كيسول,4
كنب,4
طايره,4
عشيه,4
وشق,4
نشقى,4
كشق,4
الع,4
كنتوا,4
هبيله,4
كنحلم,4
كجب,4
بحالتهم,4
اجيو,4
رجعوا,4
لولدهم,4
زولت,4
كادو,4
قدني,4
كتهز,4
وبويا,4
لخويا,4
تخلع,4
محلول,4
كيحر,4
حنايا,4
شافها,4
متناقشين,4
العروسه,4
هاهي,4
كنش,4
نشدها,4
الخاوي,4
بجلها,4
بالكم,4
هزني,4
الكادو,4
غضبانه,4
فهنا,4
فضروري,4
فغا,4
كنخلط,4
البسكوي,4
فاتت,4
الفلفله,4
البنه,4
عامرين,4
القوام,4
كتزيدي,4
تزيدوا,4
نحطو,4
اللعبات,4
الخص,4
البلغ,4
كتخليه,4
كتشوفوا,4
الحامض,4
نقطعها,4
الخضر,4
تطيب,4
كتاخدي,4
وحاجه,4
وريتكم,4
كرواصه,4
ستارباكس,4
خليكم,4
فصافي,4
نقرصها,4
الباركينغ,4
نعودكم,3
تجيك,3
عجبكم,3
يت,3
تتحس,3
يسول,3
حجره,3
مايقولوا,3
تخرجوا,3
تشوفك,3
وخص,3
الشمت,3
بالمراه,3
خي,3
عرفتنيش,3
ضحكتي,3
مراتي,3
راجله,3
بغيتيه,3
ورجعي,3
وقالي,3
لبست,3
عينيهم,3
وشوف,3
نجيبلك,3
مكله,3
حمقه,3
سميتي,3
وشري,3
نشريه,3
فيهمش,3
يعيط,3
كفاش,3
تنحس,3
نجيك,3
وهشي,3
بكي,3
الكيت,3
عطوني,3
نتعاون,3
نشوفها,3
ريح,3
علك,3
وسولت,3
السبان,3
كيوني,3
كتشك,3
وين,3
محطوطه,3
كب,3
بغو,3
وكون,3
نعط,3
تقولنا,3
يبك,3
جروب,3
يتلوك,3
قالتلها,3
تمشيش,3
هضري,3
مابقاوش,3
بوحد,3
كبل,3
السوت,3
الطبليه,3
لبس,3
توصل,3
كيشوفوا,3
السعه,3
يدخلني,3
نمشيش,3
غيكون,3
قدي,3
ربعه,3
مول,3
الوده,3
فريه,3
عرفوك,3
ماز,3
تكرف,3
وكص,3
لاف,3
نخليه,3
الشتا,3
الحواج,3
الق,3
كشوف,3
الذب,3
كدوز,3
للمغرب,3
كتبلي,3
كينه,3
عندهاش,3
عطيوه,3
وجيب,3
شري,3
تلاقى,3
قالتلك,3
تشوفوها,3
تنتمنى,3
تعيطي,3
عم,3
مايجيش,3
دونك,3
الوراق,3
بماما,3
كيق,3
كنق,3
سمحلي,3
ماكناش,3
برك,3
يلقاني,3
عزل,3
بوحدهم,3
تيجي,3
مخبي,3
عشتي,3
جنبي,3
تحشمش,3
كفوت,3
كبيش,3
وجي,3
ومشات,3
وبا,3
مرايا,3
تتفرج,3
بلاصتك,3
الغوات,3
ناعس,3
نقد,3
يسمعوني,3
لهك,3
تقطعهم,3
المكل,3
وتقوللي,3
راجعه,3
بسمانه,3
خين,3
مالقيت,3
هبطت,3
تكرفس,3
كثق,3
لق,3
مورا,3
دارلي,3
لبرا,3
ساليت,3
حلفي,3
نختصر,3
المهمين,3
خيتي,3
قديتش,3
لهذاك,3
مالقيتش,3
نقصت,3
كيت,3
ماكذب,3
ونخدم,3
محتاجه,3
عا,3
البنيته,3
وقالتلي,3
وماش,3
ولدات,3
عيطلك,3
كسحب,3
ويدير,3
نوضح,3
كفكر,3
مبدل,3
كتمنى,3
السروال,3
كنتي,3
ماين,3
وعودت,3
باسله,3
كصبر,3
خم,3
ديت,3
وحمق,3
حويج,3
الريه,3
نديك,3
ومشي,3
الربعه,3
مايش,3
الجاج,3
الضو,3
راح,3
كليت,3
ضربتي,3
مصفط,3
يبيعوا,3
وراق,3
قصي,3
تديت,3
ديولي,3
شافك,3
ولقيت,3
كنعس,3
ماق,3
عارفك,3
تكذبي,3
وشن,3
تع,3
قدامها,3
للسوق,3
سولوني,3
دوروا,3
العساس,3
لقيتهم,3
الجوقه,3
شفرتي,3
تشفر,3
موالف,3
القتله,3
لعين,3
ناشطه,3
عرفتكش,3
تحيد,3
وقول,3
وجت,3
شتك,3
تلاح,3
دورت,3
هربان,3
وصفط,3
كهز,3
مه,3
وبغي,3
وبغاو,3
وبداو,3
تبع,3
لهذ,3
كيتفرج,3
بالجد,3
تعطل,3
لقيتوش,3
بالكراسه,3
غيب,3
غنمشي,3
خودري,3
حملش,3
جيور,3
وكيبو,3
وبقو,3
الدوسي,3
بفلوس,3
اطي,3
بجده,3
تمي,3
وسكت,3
داوي,3
ماهما,3
مضاربين,3
حداه,3
بلاك,3
طالع,3
غوات,3
ناضت,3
كيقلبو,3
نلبس,3
فحالي,3
نعرض,3
البروجرام,3
وتشري,3
بالنص,3
بوحدها,3
يتفرجوا,3
ويقولوا,3
بلاصتهم,3
كقتل,3
وكيلو,3
كدوش,3
السيلون,3
تلاحت,3
خايف,3
فطر,3
خدينا,3
كنضحكو,3
كوقف,3
ندق,3
توحشتك,3
وكتبي,3
فاقوا,3
تهلا,3
مالي,3
قالتي,3
ديتي,3
الكروسه,3
وعمر,3
كندي,3
ديوني,3
خدمنا,3
خاويه,3
دقيت,3
صاك,3
خوه,3
رجلك,3
خطره,3
ماكن,3
كناش,3
باينين,3
جيتكم,3
عارفيني,3
كلينا,3
تقدا,3
موطور,3
ندي,3
كنطر,3
تقدي,3
كيديرو,3
نجيبه,3
وحضي,3
حطينا,3
قربنا,3
ري,3
وكسير,3
الخواي,3
بزناس,3
بانش,3
ومعاه,3
وكضت,3
نشده,3
وتميت,3
ومهم,3
متبع,3
اصاحبي,3
تحتاجوا,3
وشديت,3
بيعوا,3
فحالنا,3
كوكاين,3
فوتها,3
كسكسو,3
هزوا,3
الغبره,3
وراهم,3
لابس,3
سلم,3
معمره,3
فيمي,3
نتسنى,3
تحلي,3
تخافش,3
وعارف,3
الاخره,3
ونعس,3
ودار,3
عفطه,3
مساكن,3
الحفله,3
رجليهم,3
قلتهاش,3
ناسي,3
تها,3
بغيتيني,3
وعيطت,3
للبحر,3
وعطيت,3
جبنا,3
ونشوفوا,3
شفنا,3
كنتفرج,3
كيدوي,3
تشق,3
شافنا,3
ضارب,3
حاطين,3
وكيخلي,3
مولاه,3
شنا,3
زت,3
مابقاش,3
مقاده,3
ربت,3
يزيد,3
عطيهم,3
الت,3
بدي,3
كتر,3
كتبش,3
كتوصل,3
تصورش,3
قداش,3
عجبهاش,3
لام,3
كرع,3
وبلي,3
نموت,3
تبدلي,3
يحسبلي,3
بغوش,3
كنموت,3
كنتت,3
وكينو,3
دوزتي,3
مزوجين,3
الحمقه,3
ديتها,3
للطرف,3
كتعاني,3
عارفاه,3
كيذوب,3
ونزيدكم,3
وكشك,3
تلقاو,3
خايفين,3
كيبوس,3
كتشب,3
كسمح,3
كتاكل,3
حكره,3
كتوت,3
حشومه,3
الصح,3
متبعين,3
يشوفني,3
وميت,3
البوه,3
ماديري,3
فهذ,3
كنزل,3
وديتي,3
وهبط,3
ونعمر,3
اللوس,3
وراجلها,3
باغيها,3
عرضوا,3
وزي,3
وهيا,3
كعمر,3
وكيح,3
قدره,3
ماتعجبنيش,3
نبعد,3
ماكتش,3
كنطحن,3
وكرد,3
وعشيه,3
وقدام,3
سمعتوش,3
ماخليتش,3
تقد,3
تدت,3
رجعي,3
ينعل,3
وخليت,3
متبعه,3
شعل,3
توحشت,3
محتفظه,3
الكبيده,3
كنقدم,3
ونشارك,3
لياش,3
معجبهمش,3
هوو,3
نجيبها,3
وايلي,3
ورجعوا,3
خواتات,3
بوحدته,3
والخدمه,3
تشقى,3
وتهز,3
مل,3
تدوز,3
وليداتو,3
ودنيه,3
شم,3
والمشكل,3
العفس,3
التعاليق,3
تستافدوا,3
الدمعه,3
حنينه,3
بالمشاعر,3
ايوه,3
قرايتي,3
الشعبه,3
مابغيتيش,3
بالزه,3
ميكت,3
يقنع,3
كتسو,3
فرحوا,3
شاط,3
ماطه,3
الدخله,3
القباحه,3
سمحت,3
هزت,3
نخلق,3
خته,3
كشكر,3
تحلفوا,3
عرفوني,3
ساروت,3
كسد,3
مايعجبهم,3
وكتخدم,3
الماريو,3
بعدت,3
نقت,3
الزيمر,3
يدار,3
حماق,3
كبكي,3
دارو,3
ماتيقش,3
كبد,3
الولاد,3
مخلطه,3
ساكنين,3
نعلي,3
مرته,3
يخطبوا,3
كيحساب,3
عاقره,3
مجمعه,3
زرق,3
شفتهم,3
وشكيت,3
كبرته,3
وكنج,3
مولات,3
ترطب,3
ياما,3
تستاهل,3
وتعاود,3
تدير,3
لاوروبا,3
كتبين,3
كتن,3
كتحط,3
كيسان,3
كقي,3
بالفن,3
السبيطارات,3
الميساجات,3
الشارج,3
كتقدر,3
وكنتمنى,3
تبخلوش,3
مكيبغيش,3
السييد,3
دوات,3
قالبه,3
ابويا,3
نحماق,3
براجل,3
شريت,3
بغيتكم,3
يقوللك,3
يتحطوا,3
تزاد,3
نتقلق,3
الويفي,3
قاصح,3
شبر,3
الكارطه,3
نشكلها,3
حيلت,3
تشكى,3
الفئه,3
حقها,3
يجيكم,3
كذوب,3
بلاد,3
الكيري,3
بواه,3
تراميسو,3
وهنايا,3
فصوص,3
درتهم,3
نورمالمون,3
قبيصه,3
الصفوره,3
وكولي,3
يجيك,3
ماهله,3
ثومه,3
وكنزي,3
تعشينا,3
البت,3
مسوس,3
كنصحكم,3
نعتذر,3
خانش,3
تشي,3
مح,3
المونطاج,3
نلوح,3
ندورها,3
بنينه,3
ندهن,3
تصوبي,3
كنشارك,3
السوجوك,3
كريب,3
المعدنوس,3
سوا,3
صور,3
الكاريت,3
نحطه,3
صوبته,3
فدائما,3
لفران,3
كملوها,3
نديرهم,3
بيديكم,3
الطون,3
مضبب,3
تلفق,3
كنوح,3
الكراسه,3
كنغلط,3
دافي,3
تديروا,3
العطريه,3
المرقه,3
بالعظم,3
الباربا,3
خديتهم,3
قاصحه,3
بالاث,3
كبارين,3
بالزاف,3
كنعرفش,3
كنحملش,3
ضربتيني,2
بالدوبل,2
قع,2
تيبغي,2
قالنا,2
الضد,2
تلاق,2
يقدرش,2
ديها,2
تديها,2
النقص,2
يقابلوا,2
تنحماق,2
اعطيني,2
حلاوه,2
تندير,2
خاصك,2
دخلها,2
تبغيه,2
حشمان,2
منش,2
تحشمي,2
يمشيو,2
يوقع,2
تنعرف,2
تبغيها,2
لت,2
البكه,2
مك,2
ماقدر,2
شتو,2
تنجري,2
دايز,2
عاودي,2
تفل,2
اداني,2
امو,2
تكري,2
وحشوم,2
شرط,2
ماتبينيش,2
عطيتك,2
نمرتي,2
وبصح,2
الزوين,2
الخايب,2
وبنات,2
وحلات,2
واجي,2
نلاحظ,2
زايغه,2
غض,2
تين,2
عجبوني,2
شارف,2
باللك,2
ساق,2
مشو,2
فاهمين,2
ودات,2
حلقه,2
تخوي,2
حيده,2
قعد,2
وحيت,2
وقالك,2
قك,2
لهشي,2
سناش,2
ماتعرفش,2
مايعرفني,2
فحالتي,2
قنعتي,2
فدير,2
كتسالي,2
الحانوت,2
والمعلم,2
كينين,2
شكشي,2
وهدي,2
ياش,2
قليه,2
التصويره,2
تصاور,2
لعنده,2
بدلتي,2
وصوني,2
كيعجبوني,2
كهرب,2
جابتك,2
قرت,2
كنقولك,2
الره,2
انقولك,2
اعاقه,2
عتاني,2
كسكروط,2
بثلاثه,2
وجيت,2
شدوا,2
خواو,2
نور,2
المش,2
نسيتيها,2
الحمدلله,2
عرفتيها,2
شوقتني,2
نسولو,2
كفط,2
ماود,2
كتوني,2
وسمانه,2
عطت,2
ليش,2
وخصني,2
خلينا,2
كيوت,2
طرونسبور,2
مخلطين,2
الشيفور,2
لخدمتها,2
تجيش,2
تعنا,2
دخلو,2
كهم,2
ياكلوا,2
قيدنا,2
ولاي,2
خليجيين,2
يق,2
تمشيله,2
غبق,2
خدمني,2
بحالهم,2
تغو,2
ديرها,2
فقير,2
تي,2
يشوفها,2
اهو,2
اخيا,2
تسكتي,2
الش,2
حالت,2
كلينيك,2
ققول,2
يجس,2
اناخ,2
كروب,2
يطي,2
اورو,2
ماعرف,2
بقنا,2
اكثريه,2
كوموند,2
تعاونوا,2
بحك,2
كك,2
يخلص,2
نجح,2
وقعي,2
يشوفوك,2
وز,2
هزين,2
الشافه,2
معهي,2
كيعجبو,2
يطمن,2
نتكلف,2
لوالد,2
مزي,2
خدي,2
وبيت,2
ماف,2
بورطابل,2
نوصلك,2
مافش,2
ماتكونش,2
سنينه,2
يف,2
كيخ,2
حدك,2
ارقه,2
السبي,2
تيش,2
الميكرو,2
شنوها,2
بدلنا,2
حيدك,2
اطاه,2
جبدتي,2
وصراحه,2
ازيرو,2
فوقاش,2
داروها,2
كسيق,2
عيالات,2
مسوق,2
كتعرض,2
كربين,2
تنعسي,2
مالينا,2
شا,2
عطينا,2
كعس,2
بيتكرر,2
ويطلع,2
ماطي,2
سمحي,2
تسمعوا,2
مايبانش,2
اغتصب,2
عنقهم,2
صاحبهم,2
محتاجين,2
تخرجها,2
وخوها,2
حنين,2
يص,2
ماطيح,2
سمحنا,2
لليوتيوب,2
نوصلها,2
قطعتك,2
كيسني,2
ويقوللك,2
كيزيد,2
كيي,2
ماشش,2
الواد,2
يشريو,2
نمد,2
كربني,2
مامات,2
وخلاتني,2
الكطر,2
ماني,2
نك,2
اسمحيلي,2
تتفرجي,2
مسخه,2
ماخسرش,2
وتقرا,2
تص,2
نفسكم,2
حاره,2
مدلولين,2
كدق,2
نحضروا,2
يرف,2
كنفرح,2
وعيت,2
شق,2
عندكمش,2
داه,2
لاط,2
وقرا,2
نصبح,2
تابعني,2
تخل,2
صون,2
كنفي,2
ابغي,2
كندوش,2
ندوش,2
سوقت,2
سين,2
جايك,2
ابري,2
كنعرفها,2
الكلم,2
باع,2
وشر,2
اطوه,2
العضو,2
قلتهم,2
كوميسار,2
خنا,2
كجر,2
راش,2
يون,2
طيحتي,2
لحيل,2
قلتيها,2
فشي,2
ونطيح,2
الكره,2
يطلعوا,2
تفط,2
ورد,2
ون,2
يعاود,2
الداره,2
نو,2
وخدم,2
تحبس,2
قتش,2
الول,2
غنخلي,2
تشوفيه,2
وماما,2
تخذ,2
تاخذك,2
ايش,2
ولادها,2
لديي,2
غيبين,2
ونقولك,2
عضر,2
وو,2
وديها,2
تك,2
درتش,2
كنحب,2
تقرب,2
غي,2
نف,2
اسمحلي,2
طامع,2
عفاش,2
سكنت,2
ماكملش,2
يط,2
بطوني,2
حيدوا,2
كانقول,2
نخليك,2
الطياره,2
برات,2
باهم,2
عضت,2
وسوت,2
حزي,2
الطوريه,2
الزهرا,2
لقاوها,2
يطلقوا,2
كيعيط,2
عودت,2
قالتك,2
لمراه,2
كيص,2
شفتي,2
مت,2
طيحه,2
وحل,2
وخوه,2
هزوني,2
سبيطار,2
تحملش,2
فيتي,2
الخرجه,2
لسانه,2
شدها,2
عطاوه,2
لماما,2
صفط,2
مشا,2
الطال,2
يحكم,2
نكري,2
يستاهلش,2
الخ,2
وخدمت,2
بالوراق,2
بغير,2
شفتوش,2
شته,2
دوج,2
الغلطه,2
اشن,2
اخيب,2
براسه,2
حطي,2
تتقرب,2
نعسه,2
دايرك,2
تجاوبي,2
موس,2
تبت,2
ماقدروش,2
يتيق,2
راج,2
عطيتيني,2
نتمن,2
كاندير,2
شنقول,2
يداو,2
دز,2
شاركتي,2
خنت,2
صبروا,2
خلاها,2
الطوالي,2
طايحه,2
تقلش,2
الزرطه,2
الكروه,2
لافوكا,2
راسهم,2
وكيت,2
نفيق,2
عرفك,2
سباب,2
يحط,2
وخدام,2
كنم,2
هاكي,2
مسخوط,2
مسيتي,2
كبني,2
الحض,2
عطيها,2
يقرب,2
وتبعوا,2
وكتقلب,2
تت,2
كروشي,2
دورات,2
تبلبلت,2
كروسه,2
ودوك,2
يديو,2
منشي,2
ويبان,2
وبينين,2
طوموبيلات,2
المخزنيه,2
الكاميو,2
وحك,2
جيه,2
القرطاس,2
منعت,2
تاري,2
كنعطيه,2
خبط,2
ضاربه,2
وخواتي,2
يديروه,2
صاكي,2
مطلوق,2
تحاسب,2
صعي,2
صع,2
كوميسير,2
يجيبلك,2
قلبوا,2
دويو,2
بيناتكم,2
منطقطق,2
وكله,2
الموتيف,2
مشدودين,2
وهاش,2
القنت,2
الروينه,2
درب,2
وجالسين,2
لفوق,2
كراش,2
يوصل,2
نحدد,2
عرفتيني,2
كسكن,2
بالثمن,2
شبعان,2
يحلوا,2
دربنا,2
فوتك,2
حكام,2
وكتف,2
حوايجك,2
نس,2
مادرش,2
لاالا,2
يهلل,2
تلهم,2
انتش,2
فحالك,2
قارش,2
كنتعلم,2
ونكتب,2
ويجري,2
تراكسيون,2
نشرب,2
الطابلات,2
ونحط,2
والرباح,2
بلانات,2
وقعوا,2
تحضي,2
كتكبر,2
دخلتش,2
وقيله,2
حسابه,2
يتشد,2
الكور,2
محامي,2
لمسكين,2
الحباسه,2
مخليش,2
يتقل,2
تزعزع,2
فاص,2
دراع,2
مغيب,2
الطابع,2
غيولي,2
ليكم,2
الموظفين,2
وريحه,2
الطوبات,2
حهم,2
ريحتك,2
دوش,2
فطرت,2
دخلتها,2
دوجت,2
تاني,2
تلاقيتي,2
تمينا,2
نسيني,2
وعطونا,2
صرف,2
الخاتم,2
دايه,2
حلات,2
كتسب,2
وجيتي,2
واكلين,2
قدامهم,2
لش,2
وتقد,2
ووليت,2
تعلمتي,2
خوتك,2
مديت,2
نوار,2
تعشيت,2
كتيش,2
نبغيك,2
القن,2
شدونا,2
قالونا,2
نبات,2
يجيبنا,2
نقوه,2
قاري,2
هدو,2
بغيناه,2
وب,2
تزر,2
نسولك,2
وثلاثه,2
وينقز,2
غوض,2
صاحبك,2
غيمشي,2
شداه,2
بوليس,2
وتقاد,2
وهاز,2
ليسانس,2
شيرت,2
بانوا,2
بلان,2
كتوقع,2
شفاره,2
كاليتي,2
عرفهم,2
مليح,2
نولي,2
الماله,2
كتكت,2
البلصه,2
كنخن,2
للبوليس,2
عينينا,2
الكتامه,2
السون,2
ريوسكم,2
خلصوني,2
وطلعنا,2
كاش,2
ندوزو,2
عاس,2
معارفينش,2
ضنا,2
تبان,2
طاكسي,2
خليناه,2
خلانا,2
ونبقاو,2
الشو,2
منشور,2
حافظهم,2
خاصها,2
تميت,2
يعيطوا,2
طوات,2
يضربوني,2
للراس,2
بالقراعي,2
كيسحاب,2
كيب,2
وكنو,2
نيفو,2
لور,2
الديركت,2
سبعت,2
وكدي,2
تحكر,2
يتقد,2
لقيناها,2
غزا,2
قاد,2
انتيا,2
وخويا,2
لداك,2
خونا,2
تارو,2
كيضحكو,2
بزرب,2
الدريات,2
الفاند,2
نقيين,2
نعت,2
وراك,2
مشدود,2
كضي,2
الكوكاين,2
ويعاود,2
بغاها,2
البنادم,2
حويجه,2
وبقاو,2
باغيين,2
يعطينا,2
وندوز,2
تمشيو,2
تبعونا,2
ريحنا,2
وضار,2
ويدور,2
ايامات,2
حطونا,2
ذا,2
تحتاجوها,2
عجبه,2
الكابلي,2
شرا,2
صحاب,2
بانلك,2
تلاقت,2
فدشي,2
يبغيو,2
هزيته,2
كتفكر,2
عرفتوا,2
حروبات,2
كتغا,2
الدروج,2
هزنا,2
ويجيني,2
فدا,2
تحاسبوا,2
عطانا,2
جيتيني,2
هد,2
نطفي,2
ولاح,2
كيتسناو,2
نفخ,2
كنشح,2
بالارض,2
نقصد,2
طيرت,2
حيدت,2
وحطوهم,2
كنتيش,2
تهنى,2
الداخله,2
محال,2
بربعه,2
يعرفوني,2
خصكم,2
شكلاط,2
يزنط,2
وتعرفوا,2
داو,2
كقيد,2
تنفعك,2
الكلينيك,2
احتاجيت,2
صفطت,2
شاعله,2
عيطي,2
كلاكسون,2
لبنتك,2
تليفونه,2
راجع,2
وزاد,2
نبقاش,2
قلتيش,2
يصفوني,2
وقفنا,2
درناه,2
راجعين,2
كحطه,2
الظلمه,2
نزيدكم,2
غنديرو,2
جايبها,2
كنفك,2
كملنا,2
وفلوسي,2
وديتها,2
الشمش,2
كتحرك,2
مكتف,2
وجبته,2
داها,2
مخططين,2
حطهم,2
كتصور,2
غندق,2
شوفوها,2
ويعرفوا,2
وبغينا,2
الدي,2
فيار,2
الكازو,2
هابط,2
بزز,2
ودرته,2
التران,2
قر,2
بالفلوس,2
غتجي,2
نجيو,2
المليون,2
وكاملين,2
بحالكم,2
توش,2
تهز,2
كيخاف,2
الجاكي,2
وعاود,2
وفطن,2
كيغير,2
عرفوش,2
يخليني,2
نناسب,2
زد,2
تزادت,2
تابعين,2
عيرني,2
نقرب,2
لاثه,2
ماهيش,2
وشد,2
وخاطر,2
ضريف,2
مزيون,2
وعطي,2
كيديه,2
كتبادل,2
ونتزوج,2
تهدروا,2
للباك,2
جابش,2
نتي,2
بالدوش,2
لولدها,2
الشلا,2
رضعتني,2
والواد,2
بالجوع,2
كبيتي,2
دوزتو,2
ساده,2
مالقى,2
يعجبنيش,2
كصل,2
تكلم,2
الصميم,2
وراكي,2
قبلتي,2
والمعقول,2
ويوصل,2
يقلب,2
ماكيت,2
يتفلى,2
وطلبني,2
جاين,2
تخطبه,2
كنشر,2
تصبري,2
ماليش,2
المسائل,2
ساكنه,2
البراني,2
براني,2
لقتني,2
رجليك,2
دايرني,2
الدويره,2
صبره,2
خنزر,2
ريحه,2
وماكانش,2
كض,2
نفص,2
للصالون,2
بنعس,2
وفرحانه,2
يخليه,2
مضيع,2
قادش,2
ماعجبنيش,2
بالحمل,2
نازله,2
عيان,2
خدمته,2
ماطلب,2
الازواج,2
مالها,2
نفهمكم,2
بوالو,2
الانترنيت,2
والملحه,2
حساسه,2
قسني,2
محلوله,2
زعمت,2
الشبه,2
العكار,2
شدي,2
وكتنه,2
تكيت,2
لطواليط,2
نحلف,2
كينق,2
السوايع,2
بحت,2
بالامكان,2
تبحثوا,2
حبيت,2
غزالين,2
والثمن,2
كلاته,2
وشوفوا,2
تخليك,2
تنقيه,2
خاسر,2
كظن,2
فرمون,2
وث,2
تلاقاو,2
تصبر,2
يوصلكم,2
الجيمات,2
رجعته,2
بوحدتها,2
ساكت,2
وماك,2
كغ,2
جع,2
نشكي,2
ليمك,2
تدخليش,2
توجع,2
كرشها,2
كتمر,2
كتكلم,2
نتفك,2
ماحملتش,2
وتزيدوا,2
يشد,2
وداخله,2
جوايه,2
جبده,2
الخلا,2
للاب,2
بنياتي,2
مسحيه,2
نربيه,2
منني,2
ونديك,2
بينا,2
باغاني,2
زوليه,2
نرفض,2
وكندي,2
نفض,2
درتيها,2
يعاونه,2
بالمكاتب,2
كتمناه,2
جابته,2
بعقلها,2
ضربنا,2
ونضت,2
جابد,2
بززاف,2
يخليها,2
لينها,2
نشر,2
كعي,2
ومزان,2
وكصبر,2
وكيه,2
الخواتات,2
طلبتها,2
كعطله,2
لقاها,2
تج,2
عوسي,2
هزان,2
كتلعب,2
البساله,2
طلت,2
والوزه,2
كرض,2
وجملتها,2
وحس,2
كولي,2
يتخلع,2
تغلاضي,2
والتبع,2
يصدمني,2
الهبيله,2
يتنمر,2
لاطي,2
عظم,2
والمعي,2
خسم,2
بالعي,2
ورجع,2
الكركاع,2
كنو,2
بالحساب,2
كسمع,2
غلات,2
يخ,2
ويزوق,2
نغلط,2
صحابكم,2
زميطه,2
كيكونو,2
سيدنا,2
نقراه,2
وختي,2
قرينا,2
دايها,2
مزيره,2
دفعت,2
كدفع,2
كونكور,2
السيفي,2
ترسمت,2
كتعلق,2
الستيل,2
لبسي,2
تلبسيش,2
وتعصب,2
عيا,2
بالصدفه,2
الريو,2
نخليوها,2
القهوي,2
نخبيش,2
وافقتي,2
تقبلي,2
شتيه,2
نسي,2
وقتاش,2
مزروب,2
لقلبي,2
كتبغيه,2
طب,2
عينيا,2
نوافق,2
بالموضوع,2
قرار,2
فييها,2
واجمل,2
ومهلي,2
كوبل,2
غسلي,2
جبتي,2
نخدموا,2
عصبتني,2
كتاب,2
بولدي,2
تقلت,2
نتمشى,2
الليمي,2
لوبيتال,2
الروح,2
الغراس,2
يعاودوا,2
تكرفص,2
بريت,2
وليداتها,2
كانن,2
لراسك,2
بقيتيش,2
رجليه,2
عاطيني,2
النخال,2
هوه,2
مقلق,2
بحث,2
السخانه,2
مجموع,2
مزير,2
تحلفي,2
كنصح,2
كنظن,2
خاوي,2
كتحمق,2
تجربوا,2
الغزالات,2
الزوجه,2
بكايه,2
نعاير,2
تقلقت,2
حديتني,2
كطور,2
ونيه,2
كيفكر,2
لحياتي,2
نعترف,2
عاقت,2
تسعود,2
للجامعه,2
وعطيته,2
ندوي,2
يعترف,2
عافاك,2
رجعتني,2
كبغيه,2
جابوا,2
خداو,2
الرا,2
سولها,2
بخلاصه,2
ولقني,2
وعيب,2
كيتقطع,2
تق,2
عقت,2
فها,2
عندش,2
وخاص,2
مارضتش,2
سمعتش,2
يحسب,2
كيرطب,2
تديش,2
وعدك,2
بالخاطر,2
خلانيش,2
ريوسنا,2
نتقل,2
نطنا,2
الفريضه,2
ميمتك,2
بويا,2
عويناتي,2
نسدها,2
كنوي,2
مدرم,2
مالبستها,2
الكوله,2
عجبكش,2
لخوك,2
وزيدون,2
شغلك,2
حكتني,2
باطل,2
خصوص,2
وديتهم,2
وهزه,2
بيبي,2
البنان,2
الحكره,2
اللينس,2
خاش,2
جابك,2
خفاف,2
كنتخ,2
لذك,2
حرشت,2
شافهم,2
حلاتي,2
كسوق,2
كنجس,2
يديني,2
مخروب,2
يديروا,2
الاديه,2
عقلهم,2
تخلني,2
حليته,2
محطوط,2
وشوش,2
وشش,2
عارفينها,2
مدوز,2
سانك,2
مراقب,2
الريدو,2
قروشه,2
نفت,2
نضربها,2
تكورت,2
عزلت,2
وجايه,2
نمسحه,2
ودايرين,2
كيسو,2
تنسونيش,2
عبرتي,2
كنشكرك,2
يبارطاجي,2
عروستي,2
كوري,2
خواتها,2
عطاهم,2
ونخلي,2
لاصقين,2
خطبوا,2
كعرفه,2
نسرح,2
كنسوا,2
القطره,2
المقطر,2
وماطل,2
لوستي,2
كزول,2
الشلاه,2
كتبني,2
حصه,2
كنشوفو,2
لاقاني,2
تقلبوا,2
نفرق,2
عجبش,2
تهلات,2
حرشي,2
خاصنا,2
طحنا,2
وضنا,2
ماعود,2
ننا,2
زنا,2
الشوفه,2
ونتهى,2
الهوا,2
وليداتنا,2
النصيب,2
السيزيام,2
الخطاب,2
لراسها,2
ماتعرفيش,2
نخطب,2
خطبنا,2
ومر,2
قسين,2
كشكم,2
وحط,2
كحشو,2
وخلاص,2
خر,2
دت,2
رجعني,2
شغلها,2
مخبيه,2
بالسياسه,2
وحطه,2
مم,2
وطلعت,2
خلصت,2
دارتها,2
كحلت,2
ونخليها,2
بالخايب,2
مصبين,2
نغسلهم,2
طيابك,2
شاد,2
يخلي,2
شفتيش,2
تكي,2
كرغ,2
مزوكه,2
اوليدي,2
كخط,2
صاحبتها,2
الكراد,2
الزمر,2
ومابقاش,2
لولادي,2
امتي,2
شواري,2
كاينش,2
دقت,2
شافتها,2
خليتش,2
ماطلعش,2
والتوبه,2
سبان,2
خبيز,2
عجوزه,2
يطول,2
فيهاش,2
كنلقاو,2
صباره,2
العراسات,2
وديرها,2
وشافني,2
الطوبيس,2
الحس,2
فيض,2
طالبين,2
كيشك,2
نطقت,2
وعزيز,2
كنص,2
لصق,2
الزوينه,2
نتق,2
وهاما,2
حاسبه,2
حكان,2
تديري,2
كتنك,2
وتبغي,2
تشيني,2
تديني,2
رجليها,2
نتعشا,2
وريتها,2
تعشاو,2
نكر,2
وترجعي,2
نفرط,2
لصقت,2
البراش,2
عمرته,2
معصب,2
كتشعل,2
متشا,2
رجعتها,2
بالموس,2
كيتب,2
دعيتها,2
نسيتهاش,2
تولدش,2
السما,2
بحلس,2
ولعب,2
شربه,2
فيلي,2
طير,2
تلصق,2
درناها,2
سيروا,2
كبز,2
الباز,2
مخاصمه,2
كتلا,2
الكيماوي,2
كنبغيو,2
نشوفوها,2
حملتش,2
ومنهار,2
ويلصق,2
يتفل,2
كتوجد,2
مطرطقه,2
جاوها,2
البلاص,2
هازه,2
كنبكيو,2
هاشنو,2
كحمر,2
البسيل,2
نقراش,2
وغو,2
عط,2
اللبسه,2
خلاش,2
يرجعها,2
وحكر,2
لكلشي,2
الخايبه,2
غضبان,2
ندافع,2
رجح,2
القهره,2
عتقه,2
بالعاني,2
نواجهها,2
نضف,2
نتفاجئ,2
سبابي,2
طلقتي,2
ومنين,2
كنعيش,2
الطليق,2
برجلها,2
الانتقاد,2
بغاوش,2
منكها,2
ترجعي,2
الدقه,2
نساو,2
تحاولي,2
البيدات,2
اخباركم,2
نديرلكم,2
لوليدات,2
وكثر,2
حاسبني,2
المرايه,2
نطق,2
سلمي,2
طيره,2
بعدوا,2
لخاطرها,2
كيع,2
خلعتم,2
عواج,2
كيسر,2
وبانوا,2
تعداو,2
بخاطرك,2
نحطهم,2
خليوها,2
كومونطير,2
البيرو,2
اوفيس,2
شمبر,2
يبدل,2
فالصراحه,2
يصيفط,2
الروند,2
روند,2
كبح,2
عصبني,2
السوطه,2
الرقيقه,2
ماداروش,2
سق,2
اكيدين,2
وكتك,2
ديرهم,2
ربطيه,2
مخصهاش,2
كطر,2
متبعيش,2
نتجنب,2
الاذ,2
مورقين,2
انسه,2
عارفينهم,2
ونعرض,2
اكتيف,2
اوتوماتيك,2
نطول,2
والصراحه,2
خربق,2
الفيلاديلفيا,2
ضفت,2
خليتلكم,2
ضيفوا,2
كيجيك,2
بلغر,2
الاسوط,2
كنوق,2
وعارفه,2
البواط,2
طيبته,2
خلطته,2
معسل,2
وعرفتي,2
حمرا,2
خضرا,2
غيورين,2
تستغنو,2
نشف,2
وثه,2
ونحطها,2
كشكله,2
الشكيلات,2
كتزيد,2
فدرت,2
اللسان,2
معجن,2
ينشف,2
فغ,2
زدتها,2
ماديروش,2
ميه,2
ماتبغيش,2
شكلتهم,2
يابس,2
وشويش,2
نحطوا,2
يحظ,2
زايد,2
ريجيم,2
فوجنا,2
وتجمعوا,2
تحسوا,2
ككون,2
يقولي,2
عاي,2
ماتعلمش,2
تحسيش,2
الحوت,2
الشواري,2
يخنز,2
تخن,2
مايبقاش,2
كيتباع,2
تعودوه,2
بالبلغ,2
بهذيك,2
نوقفها,2
كنولي,2
نرش,2
نحليها,2
الكريوس,2
وياكلوها,2
مادرتيش,2
فرماج,2
وخفا,2
الخبيز,2
كبرس,2
طاطلس,2
ماكونش,2
ماياكلش,2
حطيتهم,2
ياكلش,2
نسينا,2
حضت,2
لايكاتكم,2
عذبني,2
لحت,2
سيت,2
الفازه,2
فاسك,2
خلطوا,2
فصفي,2
الفكه,2
وندخلها,2
نزوقها,2
مهرمش,2
الكوك,2
عبرو,2
ففعلا,2
كاريت,2
بالبوط,2
كتحيد,2
صاوبت,2
الصديق,2
بيشاميل,2
نحطله,2
خماره,2
وتجيك,2
الخمارات,2
كلناها,2
عزلته,2
طرب,2
تحتاجي,2
غبره,2
تعتمدها,2
لاكريم,2
الكايت,2
الكاط,2
الفورنو,2
عاودوا,2
مقاد,2
عوج,2
كتبدا,2
ماحيد,2
باينش,2
ماسك,2
كصبي,2
وصوب,2
استيتيك,2
ندعي,2
فيجل,2
مبله,2
يه,2
شديته,2
نخليهم,2
فينما,2
تنقصوا,2
تاخذوها,2
تديريها,2
وتحطيها,2
اشكال,2
كلاو,2
لاكلاص,2
نشكرهم,2
الشيني,2
الخميه,2
عارفاني,2
نشرح,2
الملاين,2
ومادخل,2
ماوش,2
تبقوش,2
نوريها,2
الريجيم,2
فالدار,2
اليويوب,2
كتدير,2
وداروا,2
مكتوبين,2
مالحين,2
السبور,2
وربي,2
نيسكافي,2
لعيبات,2
ديروهم,2
كانتمنى,2
التكايه,2
وكيكون,2
كيكونوا,2
كنحيدهم,2
السيزون,2
توحشتوني,2
كنقسم,2
ولايك,2
حطيتش,2
كيتعلموا,2
نكملش,2
وغندير,2
كنخليها,2
مطلوقه,2
كندهنهم,2
كندهنها,2
فمني,2
للعطريه,2
الضيف,2
مصير,2
الطبيله,2
هادشي,2
ماضي,2
هانتوما,2
تشدوها,2
مهتم,2
السخان,2
فريزيدونس,2
دوبلاكس,2
الناموسيه,2
الشومبر,2
تفتحوا,2
كيستغرقش,2
كيحتاج,2
الكريشه,2
صورتوش,2
التقديه,2
عندهومش,2
تخبي,2
كيتحل,2
اللعيبات,2
نتوما,2
الصهد,2
تصوروش,2
خمرت,2
كنعاود,2
الكرواصه,2
معاكم,2
ليلونتي,2
صيفطوا,2
يهرسو,2
دايرها,2
لانو,2
عارفينش,2
كنقدر,2
متقطع,2
لاطاي,2
بالعطريه,2
كيشبع,2
ذيك,2
ثابت,2
المورال,2
سبور,2
كتشوفي,2
وكنخربق,2
ونحاولوا,2
ممتع,2
اكتبوا,2
كيطلعوا,2
يسالي,2
مكياج,2
تسمعهم,1
نرضك,1
نبكك,1
القصد,1
نقدملكم,1
مزيد,1
فاته,1
خلاته,1
يوف,1
جوا,1
خاصهم,1
تمني,1
تلقاوها,1
تغرب,1
يتفهموا,1
تتبقى,1
تنقلوا,1
لولادهم,1
تكبروا,1
بسباب,1
تتشوف,1
تتقرا,1
والاباء,1
مسوقين,1
والباز,1
والغوا,1
يقرروا,1
يفطرها,1
وقادها,1
يقوللها,1
لخيريه,1
فالام,1
تقرر,1
الابوين,1
والمراهقه,1
مشحال,1
يتسوق,1
مرضات,1
مرضتش,1
ويتعامل,1
تستناها,1
كتد,1
نفكركم,1
وقفها,1
متفق,1
لاقينا,1
خريبه,1
ونصحك,1
للحم,1
تبحل,1
نسان,1
نعستي,1
الاساليب,1
ماماها,1
اعترضت,1
تنثيق,1
تطق,1
فيقه,1
يدقق,1
طق,1
تحليهم,1
صد,1
لاهما,1
شافتك,1
رجعتش,1
الصوتيه,1
مخاطب,1
تتعاود,1
بلعته,1
نودك,1
بنيش,1
تنكري,1
وكريت,1
مامو,1
شمته,1
حست,1
المخده,1
تيكون,1
محروق,1
تفرقت,1
غيعوضك,1
فايت,1
فيدي,1
تسناي,1
تهدني,1
تلاقيتك,1
صاحبي,1
ومربي,1
وكبس,1
وادتني,1
صدقات,1
شرافي,1
وطف,1
طع,1
حسات,1
وعف,1
صحابات,1
مرحباك,1
تمرتي,1
عنني,1
وقالتها,1
كذبه,1
لاك,1
عطك,1
وفوال,1
وتفلت,1
نب,1
اناقله,1
تفلى,1
تندف,1
وترفق,1
وتقولها,1
شداني,1
مزوقه,1
وسين,1
نوصفها,1
وقلبهم,1
بيط,1
سولي,1
الثبات,1
يفيدك,1
لوحد,1
تتقلب,1
تلقاش,1
بالمحل,1
تتسنى,1
تقلبش,1
نتعلم,1
تخلصش,1
الثيه,1
منيت,1
بوجهم,1
عاديين,1
ويركز,1
بدرش,1
تحنا,1
الاغرا,1
هذي,1
شودير,1
حماره,1
تنت,1
سناها,1
تتعجبني,1
بعقلهم,1
تعرفش,1
تضيعنيش,1
نقاد,1
نقولوها,1
يضمنلي,1
يتحسر,1
قارني,1
نقهره,1
برطمه,1
الكورميط,1
المضم,1
ماتبغيني,1
لمراتك,1
نخبى,1
نشريلك,1
ماكو,1
تخد,1
الوحره,1
كات,1
مسنين,1
نهزم,1
نغب,1
لاقاك,1
افقت,1
نصبت,1
ماصبت,1
نديرلك,1
مسمين,1
وداب,1
نشوه,1
نخلك,1
بلك,1
بحالتك,1
غمر,1
شروع,1
تبني,1
شرفه,1
فلوسك,1
ضيعتي,1
وضيعتي,1
وحالنا,1
الصراح,1
اشكون,1
فكرتك,1
ماقلتيش,1
تفليت,1
عجبتك,1
بكيته,1
حصر,1
تحسرت,1
تتبعوا,1
واسمعني,1
كاصدقاء,1
طورت,1
ويايا,1
قرايتها,1
شال,1
قراش,1
صت,1
حشح,1
اختارع,1
بغاني,1
بخت,1
تعرفك,1
مايع,1
تتلاقى,1
وقتش,1
خك,1
عاون,1
الويك,1
وشفت,1
الضربي,1
بالجمعه,1
قتب,1
حواج,1
هيديك,1
تنيت,1
راخا,1
صاحبت,1
كقولك,1
فلات,1
خاطبك,1
الفضول,1
الفيس,1
جووش,1
دغي,1
المود,1
قتك,1
وهك,1
جيمات,1
تنمشي,1
راجيك,1
نخطبو,1
قرايت,1
نش,1
عرفى,1
بفيس,1
قوللي,1
ونهر,1
تصت,1
امت,1
الخطيبه,1
عطيناك,1
عارفينك,1
رضينا,1
بالاعاقه,1
باقين,1
تحرق,1
الاعاقه,1
مشش,1
عاصر,1
حديك,1
الهه,1
صبرني,1
ديكك,1
الايامات,1
الكيران,1
الليي,1
تباعت,1
وشدوا,1
وتكتبوا,1
وبق,1
الماتش,1
شنش,1
يخويو,1
قالع,1
سفرنا,1
فيوتي,1
الاضم,1
السق,1
الدمه,1
جر,1
والقوق,1
الكبيران,1
فخ,1
وخ,1
نوريه,1
كبات,1
المشر,1
بذكر,1
جرتنا,1
جرحتني,1
الهلا,1
قينا,1
يلاقينا,1
المستنقع,1
نتلاعب,1
تبغيك,1
الخسارات,1
بصحيه,1
وعرفها,1
ماتش,1
يتوصل,1
بط,1
نورتينا,1
متوق,1
صلي,1
لناش,1
نورتيني,1
ثر,1
خيرك,1
توف,1
خالت,1
نشوفلك,1
يخدموك,1
وخوك,1
نقابل,1
تكفيز,1
ماوقفش,1
يبرك,1
تخالفوا,1
بيمانه,1
اع,1
اعك,1
هيجبت,1
الجلابه,1
السورت,1
حطيتيه,1
نجب,1
باللفه,1
بتلف,1
بهمش,1
توصليه,1
طيارتهم,1
داخليت,1
طبيلات,1
كترك,1
صحبني,1
وجنا,1
خليجي,1
مغرب,1
دقنا,1
تشينا,1
نعسنا,1
فيدت,1
يسكتوا,1
بتجي,1
الطره,1
بغاشي,1
المذاكره,1
جيط,1
ويكونوا,1
ويخرجوا,1
نمش,1
نول,1
مخوفه,1
يعلموني,1
ميناج,1
قولينا,1
عربه,1
الجمح,1
المخا,1
كرهم,1
الرب,1
كقولنا,1
ويهزون,1
كازك,1
المحي,1
الحجنا,1
لخدمت,1
لس,1
مشوا,1
مشجن,1
صفيك,1
ماجيتش,1
تخليش,1
مايعرفهاش,1
قفاك,1
خليكي,1
هه,1
قلي,1
مشكك,1
جبته,1
قخ,1
الحلت,1
صيره,1
طيحي,1
الشفق,1
نطيحه,1
يعقلي,1
الشف,1
يعقد,1
نقب,1
يتق,1
كنشي,1
جيتار,1
دارج,1
ومرح,1
مموني,1
يرحموني,1
ماميتش,1
مريق,1
الفي,1
لزويل,1
يكتبنا,1
جيمك,1
البارج,1
عرفتيهم,1
كيكهم,1
الاطيل,1
كيكري,1
العرب,1
هيفه,1
الصاره,1
عجبتم,1
كتع,1
تصاوب,1
كصاب,1
الغريبه,1
عارس,1
شيدار,1
جوبح,1
قدش,1
التضا,1
ماكفانيش,1
والشي,1
ويقرا,1
فيوك,1
اث,1
كز,1
مز,1
الطري,1
الخصوص,1
كيكك,1
والمسلمين,1
كيشوفو,1
وضربي,1
كقلم,1
الاختصاص,1
وناه,1
راق,1
وتخدم,1
بعتها,1
يناك,1
ملوكيه,1
يمشيش,1
وقبله,1
الكون,1
وهدو,1
كبركو,1
ونطيحو,1
كووا,1
الفيله,1
خدمتني,1
هضرنا,1
انم,1
غيت,1
طمن,1
شمعنا,1
هسنا,1
كتفيه,1
اثلين,1
ككف,1
كونكسيون,1
طلعلكم,1
الاشتراك,1
نز,1
اخشي,1
دبا,1
خمو,1
درتك,1
تجت,1
جبتنا,1
لفلهم,1
لوجهي,1
رقه,1
شبيه,1
حبسك,1
مريتي,1
يعونك,1
اللاس,1
نخدمك,1
نخدمو,1
مافين,1
ملين,1
ويشوفوا,1
سبيي,1
اك,1
يمناش,1
نفطه,1
والونا,1
مافناش,1
تخلعنا,1
الفرسي,1
حباك,1
اخبارج,1
بقلق,1
يح,1
واحير,1
الحوم,1
تعك,1
لهها,1
الماسنجر,1
هر,1
بخيري,1
تقطعت,1
لقا,1
بلوكان,1
بلوكا,1
معنتها,1
ممتك,1
علها,1
قها,1
سيرير,1
كومون,1
تبلك,1
يتحي,1
البلوك,1
المريكان,1
مصفت,1
وصفتهم,1
يعطوه,1
احباب,1
زخت,1
ماتديش,1
هخدم,1
مري,1
كدوك,1
كريز,1
الكلوه,1
ناها,1
لهاك,1
ميب,1
يكبرش,1
وطيح,1
كلوه,1
التحرج,1
ليزي,1
قلتلكش,1
يساعدك,1
يبغى,1
مخصنيش,1
مرسمه,1
يكتبلي,1
ونعطيكم,1
ولقاك,1
ويهدي,1
تشكرك,1
يحف,1
شكراك,1
تربيهم,1
تكفل,1
خلاوها,1
تتغسل,1
تيبقى,1
وبعلم,1
ملاض,1
غنع,1
قلش,1
سينما,1
كحن,1
كتعني,1
غبان,1
تيل,1
السياق,1
تهزني,1
يشدني,1
يبوسني,1
وتقيس,1
مناطق,1
قتما,1
معتبر,1
القف,1
يجزيكم,1
شرق,1
عمامتي,1
واب,1
وبابا,1
سكنوا,1
وداو,1
ويحطه,1
داخلين,1
الضعاره,1
الاغتصاب,1
فقاطع,1
وتعمر,1
تيقولي,1
تنضرب,1
تغتم,1
تغتصب,1
لقش,1
نصلحه,1
نوعو,1
وقرب,1
تعيشو,1
لولادك,1
تشدها,1
اخصب,1
متلوم,1
وتتفهم,1
وتعطيها,1
كو,1
ماكنوش,1
يوقعوا,1
السكات,1
ماكره,1
ماكرهت,1
وتشجعني,1
تشدو,1
مسؤول,1
عاملوا,1
ولادكم,1
ربكم,1
تبقو,1
طاحوا,1
يحوش,1
البط,1
تبارطاجي,1
فيع,1
ويعاونهم,1
بالبارطاج,1
تشوفوش,1
تخسار,1
الوال,1
ومحترمين,1
وتسمع,1
لاشين,1
لايف,1
عاونهم,1
البارطاج,1
الوالديه,1
لحقاش,1
ماحسش,1
وخاف,1
كنين,1
هوخا,1
يش,1
يبهم,1
كقاتل,1
دابز,1
يتجمعوا,1
يحضنك,1
تخافيش,1
ملقاش,1
ابتدائي,1
الكتوب,1
الشهرين,1
تفكروني,1
كثرات,1
نعطيها,1
ومد,1
تضرني,1
للمدرس,1
تقولهم,1
وعيطها,1
تشوفيها,1
تدوا,1
حفض,1
مورايا,1
يعنق,1
نشكيك,1
بعدتيش,1
زنيه,1
مربكش,1
شقولك,1
تسوق,1
ليكش,1
جاوبتك,1
حشم,1
وحشمت,1
تبي,1
موسخين,1
عخس,1
تنذكر,1
ماتوش,1
منعرف,1
وسمعني,1
تيجري,1
لحقت,1
بشرقه,1
عانيتها,1
تحض,1
وتحل,1
بالارت,1
تشنق,1
قوليلي,1
لرجال,1
تنقله,1
مادخل,1
دايما,1
الاسوار,1
يتطلق,1
الصع,1
الواس,1
القصاير,1
تتكون,1
وزح,1
حانيه,1
فعلين,1
معمر,1
كقش,1
وحان,1
تسخرين,1
تسخر,1
خدني,1
كنعانيه,1
وتوفي,1
وتعاوننا,1
وتخدمي,1
راص,1
البنكه,1
مايكفينا,1
العياد,1
حشوف,1
تحم,1
احساس,1
خيب,1
المينه,1
وريت,1
وسمعك,1
كبا,1
تسمعيني,1
يتحبس,1
فيلاا,1
السيون,1
شارجي,1
والغياب,1
ومسائل,1
واحدف,1
الرود,1
الروض,1
كريتو,1
بالعشيه,1
منسب,1
لتس,1
السبايه,1
فريمون,1
اقبال,1
التس,1
الشمكار,1
ووقفني,1
لاحلم,1
ضايقني,1
داما,1
السوايه,1
نتك,1
بيهددني,1
كونيكسيون,1
تعطنا,1
غاق,1
بالكل,1
عقليك,1
عنديل,1
وهت,1
مارديتش,1
للاف,1
لافك,1
وطفيت,1
الدواو,1
سده,1
الجامه,1
فيول,1
نجيبك,1
دات,1
الشمك,1
يسحر,1
اخوياا,1
تشربني,1
ماخلا,1
سد,1
الحيل,1
الجميعي,1
وعزي,1
فيش,1
الوج,1
بعني,1
تدهن,1
بوسي,1
بالعصى,1
وعمته,1
جدات,1
مادخلتيش,1
درتلك,1
يتحاكم,1
زو,1
الكيسريه,1
كرفس,1
صوابق,1
يتزوجك,1
يتكرفس,1
قراي,1
وعرفني,1
نكلي,1
بالعص,1
بالفيس,1
اصاحبتي,1
راسول,1
صعاب,1
يدوزو,1
فنتمنى,1
تعاو,1
وقريت,1
بالصح,1
العي,1
هيص,1
اوك,1
كمليها,1
عاونا,1
عطيك,1
مومو,1
لاسون,1
دمرتها,1
معاو,1
يميق,1
وصحب,1
بشوب,1
تيفلي,1
التمس,1
عنديك,1
الفوس,1
كتكس,1
ماكنتش,1
كنسخ,1
البلوم,1
لاكلاس,1
ولقى,1
كانون,1
السنسار,1
لهديك,1
مقابلي,1
ماخلصتش,1
وقعلي,1
يطوال,1
مشيتم,1
واحي,1
تقلقيش,1
الارعن,1
تتفكري,1
البيود,1
ليونسيل,1
ماكسيم,1
عندمت,1
نوفر,1
ونوفر,1
السكنه,1
سكنه,1
نافسه,1
يصلحلي,1
نردع,1
كصح,1
القيته,1
رع,1
تشوفيني,1
فبل,1
فابل,1
ناسيهم,1
تسولي,1
بالدره,1
اذب,1
عفاكي,1
ماجيش,1
وتحيد,1
قلتك,1
التص,1
بنيته,1
ترب,1
عطي,1
الوهات,1
القص,1
درتله,1
ورق,1
شدات,1
ويفتحلك,1
بيب,1
غلطتي,1
العواقر,1
تهربو,1
العواقب,1
ذنبه,1
خزنا,1
تحلفلي,1
تنيق,1
فيبت,1
حا,1
حلفتي,1
تقتك,1
تخلت,1
الحاجات,1
العذر,1
عر,1
تقوليلي,1
بسراح,1
لعله,1
السند,1
كعيش,1
ماعرفش,1
هوبا,1
ربقي,1
نقدوا,1
نسمعك,1
نها,1
يديي,1
ننفقه,1
ضايعة,1
صعيبة,1
القضي,1
وقوللهم,1
وبان,1
وسرق,1
سينت,1
يرجعني,1
ماضربت,1
الصانه,1
مشيته,1
وتعيشي,1
دخ,1
بالمعاني,1
الزيد,1
يعرفوش,1
ينعش,1
مايعرفوش,1
وعنقي,1
يعوضوا,1
تغيب,1
كهل,1
تعرفوني,1
تطور,1
عنقني,1
يتلمس,1
صاش,1
مسته,1
ماتكونيش,1
ضرور,1
ضور,1
تحرمت,1
معكشي,1
نخر,1
سرواله,1
متكي,1
نفساني,1
الساني,1
فيعم,1
سنيني,1
للدوش,1
وشورت,1
ئله,1
لطان,1
تحولنا,1
نتحول,1
الاردني,1
كتبتلك,1
ديلك,1
كتسنى,1
كعه,1
سترني,1
وعودتك,1
قالا,1
لغه,1
خرجوني,1
خرجها,1
تلبس,1
توليدي,1
غيرش,1
ماج,1
نضي,1
جعانه,1
نحيهم,1
كقن,1
لنيم,1
تعيرني,1
ماقد,1
ماع,1
لطال,1
الريحات,1
افق,1
ومراه,1
بج,1
السعوده,1
سوع,1
در,1
عامك,1
ماعرفتش,1
بف,1
هزي,1
وقتلي,1
بغاهم,1
نات,1
البوليسي,1
طلعني,1
زرقا,1
منخ,1
نخبي,1
يحيدوا,1
ورقي,1
ومراتي,1
رخاص,1
قس,1
قطعو,1
كدينا,1
لمطار,1
عوض,1
حج,1
خل,1
وفا,1
محر,1
شيران,1
وحرش,1
العمام,1
ماطاش,1
كسعد,1
وسطوه,1
سطها,1
عريان,1
طرها,1
صدقت,1
داريه,1
جروا,1
حصلوها,1
الاشعات,1
تزوجات,1
مادا,1
ماطيق,1
عودتها,1
غنجي,1
لع,1
فيف,1
لعرش,1
تعج,1
وماعرفش,1
شجي,1
لرباط,1
مراض,1
وعياله,1
الرواح,1
تتبكي,1
فيقي,1
داخ,1
ياخد,1
قلعي,1
ويخبط,1
خبطي,1
البانيون,1
نوامر,1
وقولك,1
المجاز,1
المز,1
المجازه,1
فطحت,1
يصحى,1
باق,1
كشكوشه,1
طلعوني,1
وقوني,1
خلوني,1
شار,1
طقه,1
ضعاف,1
ليذا,1
لاجوني,1
تفيقي,1
شواع,1
لاخرج,1
صفطي,1
عف,1
مابوك,1
يتبلش,1
وبرك,1
لروب,1
نوشي,1
لحقا,1
رنا,1
سمعو,1
مقد,1
غيبت,1
كتو,1
مناش,1
عقر,1
انقعي,1
سكتنا,1
ساكتين,1
وصابرين,1
السحار,1
نواد,1
ركبيه,1
منيون,1
العون,1
القذا,1
مخزنيه,1
اطاش,1
وعورت,1
مزوق,1
ماتوا,1
حتش,1
حارقه,1
بالمور,1
الفوتو,1
طيقها,1
الارق,1
استرح,1
ونولي,1
لعندك,1
بكيتش,1
حرف,1
نبكيش,1
نحطم,1
للط,1
هق,1
وهق,1
غنب,1
تعطيش,1
قخا,1
الطالي,1
عوديه,1
ونهض,1
شعوب,1
وكار,1
نمع,1
حتشي,1
ايدي,1
لحتى,1
عقبت,1
كوها,1
كرا,1
القق,1
الكونترول,1
كنسن,1
معود,1
محني,1
يطعني,1
سمعناش,1
شفته,1
وطقت,1
السماحه,1
قود,1
كليع,1
ماطولش,1
رغمي,1
باسمح,1
كخا,1
جاوبت,1
بيشق,1
نسخط,1
حراش,1
عامون,1
شف,1
ولدتي,1
وباباك,1
حطيتو,1
الحم,1
فطمه,1
ولدن,1
ليل,1
قلتش,1
نفسانيه,1
غنا,1
وينا,1
فيزمان,1
هاميش,1
عائب,1
تعز,1
اقوللك,1
اشغ,1
تنحفظ,1
تنجي,1
ندوق,1
تطل,1
نحفظه,1
كنشوفك,1
تنكون,1
الواليد,1
كتلتي,1
الثمنه,1
ران,1
ويحط,1
مايخليني,1
نعسا,1
تيحط,1
تعومي,1
ماتبنيش,1
عومي,1
معرفنيش,1
وتدير,1
قبلش,1
تقولك,1
منهي,1
غبات,1
كلارت,1
الكيل,1
صافيو,1
قاش,1
حاس,1
الانل,1
نهير,1
اصبتي,1
لحدنا,1
كوضع,1
لطبيب,1
نتمنا,1
الباسكيت,1
حدنا,1
المصارف,1
فلوق,1
هاران,1
نذكر,1
لصحتي,1
صحيحتك,1
شفناها,1
باهي,1
ينور,1
تتفرجوا,1
ربيو,1
امينها,1
يكتبلها,1
نفرغ,1
تزم,1
وتفرج,1
تخيش,1
ماخرج,1
يهال,1
وينورلك,1
الجايه,1
السك,1
وماشوف,1
مابانش,1
تسمعوه,1
وقصتي,1
تعيشوها,1
ملحوس,1
النفوس,1
الدارجي,1
تشوكات,1
وعرفات,1
تفقص,1
ويتقطع,1
ونصحوها,1
الباكيه,1
وبيع,1
دريال,1
ميكا,1
ويدوروا,1
خزنها,1
ضارني,1
خزوه,1
تفاحه,1
خمجه,1
ونهاري,1
دايس,1
بعتي,1
ارا,1
كنبد,1
وكسسهم,1
كتاخد,1
شاطت,1
ميزانها,1
مريكل,1
ميكانيك,1
حربيه,1
نعيشوها,1
بديتش,1
العيال,1
هاهما,1
اخوت,1
مكلخ,1
الليف,1
خز,1
منقيش,1
وديسير,1
الخماش,1
نسرع,1
وناكلها,1
حرفيه,1
والمناعه,1
كث,1
تنهز,1
فنف,1
حاكمها,1
وانعدام,1
ترحمك,1
جتي,1
نتلق,1
سهران,1
وسيرك,1
الطوابل,1
مباشرين,1
وفرتك,1
تناص,1
وباني,1
قريطه,1
بانلي,1
مفرج,1
ستفين,1
براو,1
تفرتك,1
فيكت,1
وفات,1
صحابك,1
تشم,1
والانناس,1
شافوك,1
تشابهت,1
تديرها,1
يلحوا,1
تكم,1
مشني,1
لقهم,1
شبعاني,1
جاوك,1
مقه,1
وهزتني,1
الكبال,1
وعطت,1
قلال,1
ليدير,1
نسبحك,1
يكذبو,1
بيتني,1
كداير,1
وكفرشومان,1
ويتفاهم,1
ضلوعه,1
الحطات,1
والكاسيات,1
مسلكن,1
الشري,1
سلاعه,1
حللا,1
عويص,1
زيده,1
غيزه,1
واصلني,1
ساخطه,1
وداعين,1
تكه,1
عودوك,1
تقعد,1
لهيه,1
كيام,1
وير,1
مخدم,1
مصيفك,1
اوراسك,1
وماتبقاش,1
الحديه,1
مديتك,1
وعطيتك,1
الديس,1
عدي,1
مالكم,1
وخاصها,1
الطابل,1
عينكم,1
تهدد,1
احتراماتي,1
لمخزن,1
يتعداش,1
مقصدين,1
ينكم,1
وينقص,1
سفيق,1
وشنقت,1
خرقوا,1
مادور,1
مشانق,1
تزرع,1
كلاي,1
غب,1
غنش,1
وخبطت,1
الفيط,1
تلف,1
كنز,1
الكوال,1
سفيت,1
وزهق,1
بواحه,1
نبللها,1
تابعهم,1
الدروه,1
الاثار,1
عرفتهم,1
يطلعوها,1
سحبوني,1
يغفل,1
القيد,1
وجايبين,1
الجه,1
وحياتي,1
للطبله,1
يهزوا,1
لين,1
يطع,1
الزراط,1
ويضربوا,1
قضش,1
اثرش,1
تبلبل,1
سفي,1
طات,1
رحميني,1
خوكم,1
كشير,1
تخبو,1
الفردي,1
ويطلق,1
طواك,1
مواتيه,1
نمنع,1
سقت,1
احتى,1
نفدي,1
نعتوا,1
حضيه,1
نصايب,1
تلقا,1
يريح,1
الرياض,1
ونعت,1
وكيك,1
سمحلك,1
وكنبه,1
بطبله,1
غيبته,1
يدوي,1
حذوك,1
تفكرني,1
فدي,1
وتار,1
تار,1
جرام,1
وهزيت,1
لخوا,1
وحسبته,1
غشي,1
تسلم,1
نبراهم,1
وندخل,1
لاحو,1
ماقلتش,1
ريحي,1
زربت,1
روب,1
قتلهم,1
اناع,1
مضاربه,1
كضارب,1
بالمعارض,1
بلبلتي,1
تقتله,1
جيبوه,1
لاكارط,1
مدنيه,1
الخوا,1
مقين,1
مربين,1
قيدني,1
وسولو,1
وداخل,1
همنيش,1
بيتوني,1
تهامس,1
بوم,1
الاري,1
مزر,1
يسولي,1
وتكيت,1
يحققوا,1
ضربتيه,1
سيني,1
وسينت,1
اليور,1
الجور,1
والصباح,1
داونا,1
الطشمه,1
حقق,1
الشوفات,1
خيفين,1
فاتوا,1
المحاميين,1
الجيه,1
زهري,1
اناش,1
ويضربوك,1
خسرتك,1
تغرقك,1
يفوتو,1
هذذه,1
يديرلي,1
وكيل,1
لعكاشه,1
وبطنا,1
مستفيات,1
وحطيت,1
ستفنا,1
ودونا,1
لواجده,1
سموها,1
المكارب,1
وينه,1
عنصر,1
عناصر,1
القنس,1
البخته,1
تكيف,1
تناكر,1
نافخ,1
يعطيوني,1
اتساع,1
الكوان,1
خزز,1
سطاج,1
حداكم,1
دربكم,1
شدلك,1
انتك,1
وصحابه,1
تعودو,1
انين,1
بليه,1
وجوانات,1
وترونه,1
بظهر,1
وحال,1
موظفينهم,1
وداخلين,1
بزراوي,1
قنر,1
فوتني,1
نفوتو,1
والحوايج,1
نبس,1
المغامرات,1
والبليه,1
بدماغي,1
اطفيت,1
وهزنا,1
ودتنا,1
تمايا,1
للمحكمه,1
مطاش,1
نوبتي,1
وزت,1
حضرش,1
مسخسخ,1
بالحكام,1
مخلي,1
لاال,1
كتنازل,1
رشوني,1
لمخك,1
حمروا,1
شغلنا,1
خمم,1
الغدي,1
جيبلي,1
جابلها,1
وعطته,1
ماحنش,1
تحيت,1
مبزل,1
يعطوك,1
ويقدر,1
مجرجر,1
جش,1
وحضر,1
تفارقت,1
وست,1
طاعت,1
الطن,1
نحارب,1
وطب,1
حارب,1
بروغرام,1
وريما,1
والقص,1
كتيف,1
كعرض,1
راشقه,1
غبني,1
سفر,1
نساها,1
بالحرف,1
يشفر,1
الشفاره,1
القوالب,1
الطريفات,1
وثمنها,1
وعبرها,1
يشريها,1
القاصح,1
الكليك,1
يتعاشر,1
رومنا,1
العشران,1
المؤسسه,1
كيجر,1
الكتابه,1
فرونسي,1
اكتسبتها,1
تقعل,1
تصنها,1
ضاربين,1
العنصر,1
السيفين,1
كمر,1
يتمي,1
ياكش,1
كروه,1
يقبح,1
مايهمني,1
بدماغ,1
قلبته,1
تشبك,1
دواره,1
مافهمش,1
وقعوك,1
يسحبوا,1
غيبو,1
وجبان,1
يهربوا,1
افاص,1
بدع,1
البركي,1
قادومه,1
نفنف,1
جداره,1
تهزوا,1
وحكمتها,1
ينفنيكس,1
ميتي,1
نشوح,1
موات,1
ماجي,1
شض,1
ومطو,1
كاعي,1
بخدم,1
تهبطو,1
بطونا,1
مفرع,1
المجنيه,1
نخنق,1
وطبات,1
غتبقى,1
ياكلوك,1
لوهم,1
الكاش,1
يحملش,1
يهزهم,1
ليح,1
مطلع,1
جابنا,1
عطيونا,1
تنس,1
زادوني,1
وعرقنا,1
البايس,1
فق,1
السيرفير,1
للكور,1
تحك,1
عروكات,1
شميت,1
للجسم,1
كصوت,1
تحسيت,1
الخيب,1
اشمن,1
يغدرك,1
تقيت,1
نعطل,1
وتوقى,1
خروج,1
نزق,1
يصيدون,1
ماصي,1
تعلق,1
الكريات,1
افراج,1
الباكج,1
لدوك,1
بالرجوله,1
حالاتنا,1
سيننا,1
الحنانه,1
الغواش,1
جاوبتني,1
صدعنا,1
صبحنا,1
زكرهم,1
وكتير,1
كنبان,1
عنقو,1
كتيري,1
وفقتي,1
مغطيين,1
شاربين,1
عاطينا,1
الجوانات,1
والكار,1
الحمات,1
مهور,1
ونقولو,1
شافر,1
نسمعها,1
السلخه,1
نزورك,1
وونص,1
حررت,1
داوه,1
الالمنيوم,1
ككتب,1
تضيع,1
وتكتب,1
وكنتي,1
وريحت,1
تحطت,1
يسلموا,1
دروبه,1
بعاد,1
وصتهم,1
اوتاني,1
معول,1
الكسي,1
وقصدنا,1
شينا,1
الفيرمه,1
كشرب,1
النهير,1
باتو,1
حيط,1
فيت,1
نجيبوها,1
قته,1
وجدو,1
عطوها,1
وجينا,1
سقان,1
سولنا,1
بارجات,1
بياسه,1
تقدى,1
الفرشه,1
بعينيها,1
جيو,1
وريني,1
مكمل,1
عطاها,1
لتبيع,1
ابغا,1
بالواتساب,1
وكييفو,1
الميساج,1
بلاني,1
المنيف,1
ديديك,1
وامنت,1
وفلوس,1
وشينا,1
للواحد,1
تفارقنا,1
كعاده,1
عطنا,1
شونس,1
مخلوع,1
وكيغو,1
مكانيه,1
وكسيت,1
نحلك,1
وخذو,1
تجروا,1
قصدناه,1
الذوبه,1
عرفتهاش,1
ماكد,1
الحسانات,1
المزوقين,1
مشرمل,1
السناو,1
ويبنا,1
سوله,1
يرصف,1
وكاتب,1
تورينا,1
الفرط,1
وصيني,1
مراكي,1
ندمك,1
لصاحبي,1
اد,1
الصليه,1
وكنتوا,1
ملاس,1
تحضرنا,1
تندموا,1
قطي,1
انمشي,1
مسخط,1
البلا,1
شهتيني,1
يسو,1
يسواش,1
افط,1
ويطل,1
لافير,1
زن,1
مادر,1
ماليه,1
البرهوش,1
دخلته,1
جريته,1
للقى,1
لاللا,1
حضي,1
ديه,1
هنتيني,1
نهنيك,1
المونتي,1
اطلع,1
خليتين,1
ونكسير,1
كسير,1
كيتسنى,1
وجبد,1
كوسان,1
النعسه,1
وكيبان,1
البراج,1
حققوا,1
شوفها,1
راما,1
الدر,1
قنا,1
جيشي,1
صحابو,1
هان,1
عدويه,1
ضربوهم,1
هبط,1
زوهر,1
جيبوها,1
المزيانه,1
نطرات,1
دماغك,1
تغلغل,1
كترو,1
امرش,1
الليدا,1
كيجيبو,1
الكالي,1
المليحه,1
السنعه,1
ناديه,1
كنكس,1
بلصه,1
كبدا,1
والزك,1
العاقه,1
كردم,1
شرجع,1
تخسرش,1
يخلينا,1
وتشدوا,1
اخباريه,1
وشدو,1
غنجيبو,1
للذروه,1
نطلعوا,1
للشمع,1
ونقلب,1
وشدينا,1
لجبال,1
كتابه,1
وتلاقينا,1
جباله,1
جدارمي,1
بوليسي,1
شادين,1
ويقلق,1
مايعطيك,1
تكمي,1
غيبي,1
هبطو,1
سلكوها,1
وديو,1
الريسك,1
ربحه,1
ذبحه,1
مكن,1
وعطينا,1
العطيه,1
هابطين,1
سابقني,1
ولاكثر,1
جنابي,1
مسلكين,1
زقه,1
نعلق,1
كارين,1
حطيناه,1
وديناه,1
الكرتونه,1
بالصباح,1
سهرانين,1
جاناش,1
الخوات,1
البيس,1
وكننا,1
مقرقش,1
المون,1
مون,1
جوندارم,1
تهبطوا,1
تشدوا,1
الخطافه,1
يديكم,1
الفاس,1
وسفنا,1
خدناه,1
قنش,1
وسلعه,1
وباق,1
كتباع,1
ونجيبوا,1
وصنا,1
مطوري,1
نشوفوه,1
خواي,1
دماي,1
وسميته,1
تخلصي,1
تضربيش,1
حسبه,1
بلبله,1
يصحابه,1
نقابله,1
لقيناه,1
فاصمت,1
السكانير,1
ويريح,1
مالقيتوش,1
تستناش,1
ياخ,1
غندي,1
يتخد,1
ضاربو,1
علمه,1
سلخ,1
نتهلا,1
وصلتلي,1
عارفني,1
مدقدق,1
تضارب,1
والخوا,1
البلوات,1
جنبه,1
جته,1
ومعيا,1
رتهم,1
كشلط,1
مجازره,1
تشيير,1
وبجير,1
ترونت,1
وكشح,1
لكشي,1
تكى,1
للركبه,1
برجليه,1
وجبتها,1
لقاه,1
البوطي,1
للكرش,1
بلق,1
بالباط,1
الجنو,1
والعنق,1
للاراس,1
غيني,1
بالشراب,1
كيشي,1
دماغ,1
شركت,1
بالتمر,1
مقات,1
كد,1
عنجره,1
الخطوه,1
حفوق,1
ونخبط,1
كوتوا,1
كينو,1
حوا,1
وكيوتو,1
تهناو,1
قزار,1
مسدوده,1
كتحكي,1
ويتعدى,1
هاه,1
يبي,1
القه,1
يخوي,1
مزري,1
والدوا,1
الده,1
ديمارت,1
نتم,1
نتصور,1
رورور,1
بعينيا,1
سيريت,1
ديرت,1
تزغرت,1
هاهو,1
خذلك,1
يغلط,1
كيبو,1
غزلته,1
الكافيه,1
نتقطع,1
ومشا,1
ويشري,1
وايله,1
الفانيد,1
يانهم,1
كليان,1
وجوهم,1
يفطن,1
عرفتيش,1
البوف,1
مصلين,1
نلقاو,1
مطرفه,1
تهرب,1
بوفه,1
المخدر,1
مسيني,1
كونطرا,1
كونط,1
يشدوه,1
يبينوا,1
قرقوبي,1
شدوه,1
الطويل,1
يستراح,1
الخلصه,1
يصبن,1
يقاد,1
خلصه,1
قصريات,1
الثلاثه,1
القديد,1
دجاج,1
افتخ,1
اكمي,1
كدوي,1
عمو,1
شتد,1
زك,1
ثلاه,1
سوايع,1
كفرتك,1
ويزيدوا,1
يسرب,1
وقفات,1
سالو,1
ختم,1
واقله,1
وتقف,1
يتناكم,1
صيك,1
تركبوا,1
السيرت,1
وقلتلي,1
مالو,1
الهيد,1
السيرط,1
سبرديلات,1
المواجن,1
الغاليين,1
حقو,1
غبرتي,1
سابقك,1
فكرتين,1
ويقلب,1
جابونا,1
الكسكسو,1
كه,1
ريحوا,1
وريحنا,1
الجرده,1
البراد,1
انتكم,1
لشم,1
قاليش,1
وود,1
لعندكم,1
جيتوا,1
خليوهم,1
توصلني,1
فكرتيني,1
خلوه,1
نصو,1
كطم,1
معوش,1
يكبرنا,1
يان,1
الاس,1
الرفات,1
كتخلع,1
راكب,1
طالقين,1
المزيكه,1
وكنور,1
وحالين,1
الطو,1
وشادين,1
وزاهيه,1
حيح,1
كيشيرو,1
رونو,1
مافيات,1
فرعونا,1
ويقتلنا,1
مرتله,1
جمنا,1
مهرسين,1
والقضيه,1
مرونه,1
هدشي,1
محلفين,1
وعل,1
وهاهو,1
ينتقموا,1
وقنا,1
ججي,1
كلاريو,1
ديكلاريه,1
ياولدي,1
يقتلونا,1
يصفوها,1
مندو,1
معجين,1
تهناي,1
يرجعوا,1
ونعيط,1
بالزكر,1
طوموبيلتي,1
وعفه,1
تفار,1
وانتش,1
دخلك,1
واقعين,1
راسم,1
نوصيك,1
صواري,1
تديك,1
كسيره,1
وخلى,1
تليفوني,1
راد,1
مشطون,1
الريزو,1
حاديه,1
وحاد,1
سواريه,1
هجمت,1
عشراني,1
وقراي,1
خوت,1
سابقهم,1
قالو,1
خيرين,1
زيدها,1
نتسنا,1
وتعشينا,1
هرسات,1
بانو,1
الماطر,1
راكبين,1
يشيروا,1
وكيعا,1
كسل,1
الوبه,1
وسلت,1
فحالته,1
قلتوا,1
الزربه,1
مراس,1
الحمق,1
زرب,1
بالمهل,1
تكالبوا,1
دنجال,1
موجد,1
العده,1
والعتاد,1
والخليه,1
الجمر,1
قصينا,1
تحاسبنا,1
فيلافي,1
مادرتي,1
مسيش,1
احتاجيتك,1
تناكل,1
ومديت,1
الخودر,1
يبقاو,1
وصلتهم,1
للمحطه,1
بلباله,1
مبلبل,1
شوايه,1
وكسنا,1
ويجو,1
المريح,1
فيراس,1
تقهو,1
تحرقت,1
النوض,1
وس,1
الشانطي,1
كيفي,1
البومبيه,1
لقنا,1
طفيناها,1
ماطر,1
فينكم,1
هداك,1
وورت,1
وهز,1
البومب,1
عنات,1
تهم,1
موجدين,1
يوفه,1
المقاد,1
ماكنا,1
ديير,1
تسناو,1
غدرونا,1
واحدين,1
وحابس,1
قدروش,1
نهرب,1
تزرعو,1
نتمي,1
قاصده,1
دشير,1
القراعي,1
جرني,1
خاليد,1
نخشو,1
شجرات,1
نغزو,1
جاته,1
بزرط,1
غيبوا,1
يدورو,1
غخ,1
غيرهم,1
نغيز,1
الدوه,1
سيوفه,1
وعطو,1
علل,1
الليد,1
لذاك,1
النويه,1
وذنه,1
خاليت,1
ويشبك,1
نقرها,1
طردك,1
هرسم,1
وهادوك,1
جراو,1
البيادق,1
شعلت,1
السدادر,1
الطلامط,1
عافيه,1
وعفنا,1
عفط,1
ودوانا,1
الحميه,1
نقدي,1
وعيطو,1
وصلتي,1
راكليت,1
دياري,1
ماكليش,1
والفان,1
وبكميه,1
يقلبهم,1
يلقو,1
وصي,1
يغرقوا,1
مسمار,1
طرقنا,1
غوك,1
لكولومبيا,1
والخارجه,1
مشرفين,1
ليفون,1
لعطيك,1
قيدت,1
وصونت,1
وقيدت,1
مايمشيش,1
يشوفهم,1
كطل,1
رطو,1
النشبه,1
حيحه,1
يطا,1
تعطيها,1
دواش,1
تعطر,1
تعطلش,1
نق,1
لقيناهم,1
مشبهين,1
نهم,1
يشو,1
طلعتوا,1
فناش,1
فوتكم,1
وقولوا,1
اكر,1
تبدلوا,1
موسخ,1
توليو,1
زايده,1
نغزه,1
وشمن,1
حشيشو,1
ملعوبه,1
تبداو,1
يشدوا,1
بلاصت,1
عفاريت,1
فيتنا,1
الغديه,1
تديهم,1
توريهم,1
والشري,1
يمد,1
الكليان,1
ووروني,1
ديمرا,1
وهزوا,1
داهم,1
خدموا,1
وتحسبت,1
مغيس,1
رم,1
وخدينا,1
تنفع,1
خبيتها,1
ككد,1
وتحط,1
حتيجي,1
تزيغ,1
تزني,1
وسديت,1
الكوفر,1
معيطش,1
تنساش,1
وتساب,1
بهط,1
معصبه,1
مالكك,1
كينيك,1
بجنبك,1
اوا,1
وف,1
مترات,1
سمعتيني,1
الدياب,1
ودوم,1
نديت,1
الاوله,1
توق,1
عيطتي,1
سولتي,1
مصبوغه,1
خباري,1
نبرك,1
نقضو,1
ودينا,1
نبطك,1
ديفيلا,1
طليت,1
الحساس,1
وينزل,1
البواز,1
البوز,1
راشق,1
عشط,1
غديرها,1
وصتني,1
شعله,1
وصدق,1
لبنته,1
وبدي,1
حسبنا,1
وعطانا,1
مزهره,1
القطاعي,1
طماع,1
جود,1
دخلات,1
غناك,1
وبغتني,1
واصلين,1
البروفيسور,1
وكسول,1
ولفنا,1
وولات,1
كويو,1
غادا,1
تخرجش,1
تسمعت,1
تحاربو,1
ياخذوها,1
علملي,1
نفذوا,1
حثه,1
جاتنا,1
لبحر,1
منظر,1
كيخلع,1
وقيته,1
حبحر,1
الباطو,1
وكيع,1
طونا,1
ويعطيهم,1
متفقين,1
ارينا,1
بالبوصه,1
للرمله,1
القمره,1
وخيب,1
يشوفك,1
اوكسيرا,1
كنبط,1
تستف,1
اط,1
نصرفها,1
ونحكم,1
يبسطك,1
البز,1
يتقو,1
لالي,1
فاج,1
مخلصش,1
يحطو,1
وياخذوا,1
معهمش,1
مامنه,1
هازين,1
رواحنا,1
يدينا,1
كملات,1
نتحاسب,1
يديش,1
وخاد,1
يعرفهاش,1
خذنا,1
وخلصناه,1
شنطن,1
هزينا,1
ودناها,1
الكازا,1
لليله,1
حلش,1
كريمج,1
تبليت,1
يحرقوني,1
وتخنقت,1
وطحت,1
طايح,1
ومغيب,1
مقداش,1
زاقي,1
نغيب,1
مغيبين,1
وتولي,1
وفقوا,1
نقزو,1
ضاربت,1
وغيبي,1
جيجي,1
طر,1
علا,1
الدو,1
شكيتي,1
نشك,1
لفيلا,1
لال,1
وماكين,1
لقيتنا,1
جرا,1
ويبيعها,1
لكيت,1
كلشيي,1
بديش,1
بالواحد,1
منواحد,1
ليز,1
ابيل,1
والمساجات,1
التليفونات,1
وى,1
هاضر,1
الملا,1
مخطط,1
قاني,1
الكامي,1
تفرنا,1
كف,1
تفرتي,1
كركب,1
حطات,1
كلاص,1
هناش,1
ونقولهم,1
دريه,1
تف,1
دبرنا,1
تشفرت,1
خن,1
التلفزه,1
كشجر,1
الورنو,1
فيس,1
ححل,1
الكستير,1
خاطرنا,1
ترا,1
وقدر,1
للبيرو,1
وبرش,1
سدير,1
وحضنا,1
يتفرقع,1
سدينا,1
بعينك,1
طفى,1
جبتوش,1
لقيناش,1
وبلعته,1
نعنا,1
قافطه,1
غيبان,1
دردق,1
وسد,1
هبطه,1
المسكوت,1
لحنا,1
الخماسيه,1
خويتها,1
مولف,1
تقر,1
غروه,1
وعطاه,1
ناخدوها,1
بالباي,1
نخلصو,1
وندي,1
مصيره,1
الباطرون,1
مستوره,1
هبطنا,1
الكاب,1
وخليناه,1
وخلينا,1
نردو,1
يصرفو,1
العارف,1
مسلحين,1
مقابلين,1
بعييد,1
الضوا,1
شعلين,1
يحس,1
يلقوني,1
دايزين,1
وزووم,1
كتفهم,1
جبدنا,1
السلاح,1
كتحوي,1
بيضق,1
منن,1
ديته,1
ومخلص,1
جوفي,1
تجيو,1
ديوها,1
ماحشمت,1
هدوك,1
الاتيام,1
حشمش,1
ماكاين,1
نشدك,1
نضربه,1
الفيترين,1
تشتات,1
وخبطته,1
كتفنا,1
يقروا,1
قروا,1
هزيناها,1
فيط,1
وسويناها,1
وفط,1
سورتنا,1
تعكر,1
ويشد,1
وعكر,1
معكر,1
الكلاب,1
بوديز,1
وكب,1
شارت,1
ونحي,1
وبز,1
منهع,1
فرشم,1
الربعين,1
تكتبنا,1
كيشطح,1
نبدلها,1
هانيا,1
وولينا,1
ميسر,1
وتلاقو,1
جبدك,1
رهيا,1
بكابي,1
بالواسطه,1
والسر,1
يحير,1
وبسببه,1
بهاش,1
عسكري,1
الديفو,1
وزول,1
بالام,1
بناس,1
تلهع,1
متخلق,1
والسند,1
حلينا,1
بعام,1
الاعدادي,1
وصلتت,1
عفار,1
سيزيا,1
نتقرب,1
رت,1
تسنيت,1
نخبك,1
وليها,1
شتيني,1
لاصقا,1
بالسوا,1
كبين,1
قو,1
فرقنا,1
كنسر,1
وكنه,1
درر,1
معدني,1
زالين,1
موعدني,1
مواعدني,1
ونقولها,1
باشرح,1
يتسرح,1
وكريب,1
الحلم,1
يتحقق,1
المجيه,1
تخدمني,1
كنوف,1
مخطوف,1
وعقد,1
عجبان,1
متعوده,1
شفتكم,1
واقعه,1
حبيته,1
منصدر,1
قابلتني,1
الس,1
بولدها,1
مستحل,1
وحرام,1
بردوا,1
شطاني,1
راضعه,1
تدنيش,1
وماتحرمنيش,1
فيبي,1
عائق,1
كنتى,1
فهمونا,1
وبلوك,1
لذاب,1
كنبت,1
وكبكي,1
الصراط,1
فيصمت,1
تثري,1
وقدرتي,1
تكسبيه,1
مطمعه,1
يخشوا,1
تمن,1
ويعطيني,1
بوست,1
معبره,1
مقصرين,1
البوسط,1
يجاوبني,1
تحسب,1
كانم,1
معيق,1
نجاوبه,1
صافا,1
ونجيك,1
المقصود,1
سمعيني,1
كيهضرو,1
حاسدينك,1
غيرانين,1
شلا,1
تيقت,1
تقالت,1
تبعتك,1
نسرب,1
ونتقدم,1
يطلبني,1
كعتق,1
وحمقه,1
وماعرفت,1
جيدي,1
بالتحدي,1
نتحدى,1
التصور,1
محترمني,1
يزولها,1
كحر,1
تدوسي,1
السفله,1
طم,1
كفش,1
كلاوه,1
تقارن,1
معمرا,1
كنالي,1
الشهيوات,1
الصنادل,1
كتمب,1
السخر,1
نطت,1
عندم,1
عمرتها,1
كحلات,1
عيشتي,1
مليت,1
صباغ,1
منبعد,1
المرتبه,1
ودن,1
وسخف,1
اناه,1
تشوفش,1
وريحتها,1
مجهده,1
نلقا,1
نخي,1
الذق,1
الشراج,1
يتهوى,1
كسبق,1
نيفي,1
نسع,1
جرجرت,1
جري,1
كيحل,1
وكنها,1
ونشق,1
سمحتي,1
وكند,1
للحمل,1
تروض,1
فرجها,1
اتم,1
حرمه,1
حرمته,1
كغضبي,1
يحزر,1
ولدتم,1
ربيتيه,1
اقتنت,1
العزاره,1
كرشو,1
حرمني,1
تهلت,1
مخيره,1
بنيتها,1
فربه,1
الجلس,1
وباينه,1
شاكه,1
نفاسي,1
نزول,1
وماكملش,1
وناض,1
كملتيش,1
تردات,1
وسمح,1
بسس,1
ينست,1
سولته,1
نهاري,1
كصو,1
ماله,1
بغيهم,1
حواي,1
كزف,1
وللا,1
سمحولي,1
فدين,1
كسكت,1
وكيو,1
مستوعبات,1
واقدر,1
وناد,1
خرجتلي,1
الجلاد,1
الحوض,1
كرخ,1
يتجمع,1
قنعني,1
نفعي,1
نفعتش,1
الاتهام,1
الملط,1
الحكه,1
كنداوي,1
ومالقيش,1
المبليه,1
قنطت,1
ونضيق,1
ونجمع,1
بالغراز,1
مربه,1
شكرات,1
وحامضه,1
ومجربه,1
وجيبي,1
وغسليها,1
ونشفيها,1
تخليهاش,1
سارده,1
وطلعي,1
كينز,1
وكينز,1
تنقي,1
وضيقي,1
النباتي,1
الغير,1
نجربه,1
كسه,1
وتحسي,1
تابعه,1
جماع,1
استعمال,1
شاسع,1
السرر,1
فادتني,1
تستحمل,1
تستعمله,1
ططلع,1
شميعه,1
تنعس,1
عزز,1
وكيفي,1
قوا,1
ويغذيها,1
تستعملوه,1
وماقدرت,1
تعالجوا,1
وبثمن,1
ولقت,1
تديق,1
يستافدو,1
كتعيين,1
وتورينا,1
المتتبعات,1
للخاطر,1
وكنقطة,1
خطيره,1
الكبي,1
نجربها,1
وكنبحث,1
لناس,1
التبيب,1
بيحه,1
تغزو,1
حااول,1
بكتش,1
العطاره,1
اللوغو,1
لوغو,1
سك,1
ياديك,1
بيو,1
بيميك,1
سمعتوها,1
يحفظلك,1
ويسخرلك,1
فبزاف,1
النورمال,1
الجهاز,1
مجربين,1
وعامين,1
بالوك,1
وتجرب,1
ولهلا,1
التحقوا,1
بالقناه,1
اشتركتو,1
ففعلوا,1
حواجب,1
الاشعار,1
وكثروا,1
الكومترا,1
حيله,1
درويش,1
الضار,1
نكار,1
الكر,1
دماك,1
تقاضا,1
داويه,1
كتسر,1
وتخليني,1
وترد,1
وتفني,1
تخلينيش,1
غليانه,1
تبزي,1
مكبر,1
دماغو,1
وقات,1
فسكاتو,1
جنابها,1
كته,1
الفقط,1
تلقاني,1
يدافعوا,1
منوض,1
الشكه,1
سنى,1
تديهاش,1
تلقيها,1
ودخلي,1
وسمحي,1
وتشدني,1
تشطب,1
وتغوط,1
صني,1
بالاسم,1
شادني,1
وويني,1
لاويه,1
وحالتي,1
خفي,1
تشوفيش,1
بعو,1
خع,1
مندون,1
لقيتي,1
الهدنه,1
القر,1
عفي,1
وطايحه,1
الاصف,1
الطيحه,1
وسباب,1
ممتنا,1
السبيط,1
الشوكه,1
عفوها,1
وحالها,1
كانتت,1
الدكتور,1
الاضويه,1
نصبوها,1
تهنوها,1
ودايخه,1
تهدنا,1
تتعصب,1
الطريان,1
كجني,1
نسقط,1
مسلكان,1
كنقط,1
الملل,1
متناك,1
تبوش,1
ماتهدرش,1
امكم,1
وتخصم,1
تتكلموا,1
القار,1
ديبلون,1
الكلاس,1
ونله,1
تكوين,1
صحوني,1
ديبلوم,1
زادوا,1
متخل,1
وحدويه,1
عياقه,1
وعط,1
قيم,1
وكرجل,1
حاطة,1
والدخل,1
كييو,1
عياو,1
ماشيهو,1
برهوش,1
مرضاش,1
نشكن,1
وبغا,1
للاستاذ,1
تعنتت,1
كيسد,1
يشون,1
كمشه,1
البر,1
مثالي,1
حالف,1
السط,1
وتبرى,1
قدك,1
وصغر,1
نبغيش,1
ونصنع,1
ونبلغ,1
ونتابع,1
بالقضاء,1
الشود,1
تهجم,1
نضيعه,1
وسخ,1
ضبز,1
ووني,1
يحلفها,1
ويند,1
يعلي,1
فيجيب,1
تخطت,1
وتفسخ,1
نطلعك,1
الهمزه,1
والهم,1
متفاهمه,1
وتحرم,1
جابتها,1
تعرس,1
نرمي,1
ونعقد,1
ولدعم,1
جتين,1
ورزق,1
كيج,1
هوج,1
انعم,1
ومعقول,1
مين,1
طيه,1
ونتواصل,1
نزعم,1
شكرتك,1
مكاتب,1
نلق,1
ظريفين,1
روسنا,1
اللق,1
بالعائله,1
هبل,1
قدرش,1
الروس,1
رحت,1
العريزات,1
ضريفين,1
تخلقه,1
فارقه,1
تولف,1
تحزمت,1
متهمش,1
صيب,1
ودعته,1
ككر,1
ووج,1
بالف,1
بلدي,1
الحمليه,1
المجهود,1
وكملي,1
فيولد,1
اغلب,1
حام,1
مشروك,1
مشمش,1
كتنش,1
وجاده,1
تسول,1
وبشي,1
وكنجا,1
نزي,1
متهاود,1
البرير,1
التاي,1
وقهوه,1
عاطينها,1
للموده,1
رجها,1
جرها,1
شاربه,1
وطلقه,1
نوتيه,1
وخليك,1
مولاد,1
بنياتك,1
وتهل,1
الوير,1
ويرجع,1
الحاصل,1
لشرطه,1
يلعبوا,1
يفو,1
ويشوف,1
عويناته,1
ولفوا,1
الزنقه,1
كيجز,1
نويطات,1
ونس,1
الحميان,1
كنخل,1
شارب,1
منعس,1
تريها,1
صره,1
كغس,1
لراجلها,1
مرخوف,1
مرسي,1
معاونه,1
كنجن,1
بنادمه,1
لاواه,1
ياحا,1
غالط,1
خواتك,1
زهر,1
تكبرت,1
عجبها,1
وكعمل,1
كيسوت,1
يغوت,1
ولقاها,1
شيخها,1
نميك,1
الطوايا,1
عشي,1
طلعي,1
تبقيش,1
تنزلي,1
تبعتها,1
ملوسي,1
كهد,1
محيها,1
جووج,1
والراجل,1
والشيخ,1
بزوي,1
الفقيت,1
تناقشت,1
الشق,1
شهيه,1
كتشه,1
قلكم,1
وبومزوي,1
يعنيي,1
وهالي,1
صيمه,1
كرمع,1
حص,1
مثقله,1
القناطر,1
كرتح,1
كوزن,1
كضعف,1
جلوده,1
المالك,1
كيمر,1
الضف,1
معقدني,1
ترقع,1
نقصتي,1
عيوه,1
كيزن,1
فط,1
عفيتي,1
شمي,1
يهضرو,1
يتبل,1
جريين,1
بحم,1
لبسه,1
لازيد,1
فصاله,1
كيمكو,1
يديرو,1
الغلض,1
الطريب,1
كيسم,1
لطي,1
بالرضاعه,1
الحناك,1
تلاو,1
بنكر,1
والتع,1
التمره,1
الكحله,1
هذخر,1
تحنيت,1
يقارني,1
جراها,1
حزمها,1
شقي,1
زانيتي,1
الزين,1
كتشي,1
والرجل,1
فهممت,1
كطرح,1
ويقلل,1
الشطبه,1
يقرني,1
بالبنات,1
مسد,1
وضاربه,1
تبينا,1
تعرق,1
وخيت,1
تقابلك,1
ودارك,1
بحقي,1
قبست,1
وضعفي,1
سمه,1
وخليتهم,1
اقنعوا,1
يخزيه,1
والمسؤوليه,1
السمنه,1
موالفه,1
رشاد,1
رنتها,1
بالنوتيلا,1
وعطتني,1
ناكلها,1
صايمه,1
وناعسه,1
والشريحه,1
وكني,1
للظهور,1
وقابلهم,1
وباين,1
عارفوا,1
القيمه,1
ويحسوا,1
خذتش,1
سعرات,1
حراريه,1
وعطيها,1
العظامي,1
وزيان,1
وزانت,1
تقش,1
بالشق,1
كيزو,1
لهيك,1
طلقتين,1
يعاير,1
مدح,1
استعملتي,1
الشمعات,1
سيرو,1
دردك,1
نفخك,1
دلو,1
وقومت,1
خبت,1
خياب,1
نبد,1
بجميع,1
العيوب,1
نسين,1
نمر,1
نرجعه,1
دهن,1
بالعسل,1
مامره,1
وقتت,1
محاولات,1
نختار,1
يخطي,1
كنقولو,1
مكونات,1
وكيز,1
وكزي,1
فسلو,1
خطيه,1
حطوا,1
ديروه,1
الكاوكاو,1
فزو,1
فكي,1
سعدوا,1
والقوه,1
كيمني,1
تعجبنيش,1
كثقل,1
تسحروا,1
كبيس,1
ماتوشي,1
عنوا,1
الزرارع,1
كاوكاو,1
فمبروك,1
عواشركم,1
اخويتي,1
تقنت,1
الوجده,1
بقنت,1
بريوات,1
موجده,1
حداكتي,1
اخيتي,1
ونشاركها,1
نباني,1
التفاعل,1
كونترات,1
الزوينين,1
وحليت,1
افاده,1
استفدوا,1
وخذتها,1
التجارب,1
ونسف,1
جرينا,1
مروض,1
الكونكور,1
ماكتب,1
تقبلت,1
فقش,1
وتقبل,1
نعمق,1
حدوديه,1
باللبس,1
عصب,1
كنلبس,1
باغها,1
نرضي,1
خاطبني,1
والنهي,1
شريها,1
تضيعيش,1
سباط,1
نواغ,1
البلو,1
الزرق,1
تخديش,1
شريتو,1
ملبستوش,1
نظلم,1
تقفل,1
تقلقوا,1
مالين,1
نرتبط,1
ويزيد,1
هديك,1
عينوا,1
الصدفه,1
الفقره,1
وحمام,1
لحمام,1
قيلا,1
كخ,1
قالتش,1
لفتي,1
مافهمتش,1
ونتعرف,1
الحشمه,1
منيش,1
التعابير,1
تبدله,1
نكتف,1
ورجعله,1
قبضت,1
سجل,1
يستشر,1
روندي,1
حشمتي,1
وتمحى,1
فيخر,1
المحليه,1
كنجرب,1
كنر,1
تحوا,1
جايني,1
نتغدا,1
ومنا,1
ماتردش,1
وافقيه,1
كبست,1
حامس,1
كلست,1
تغدا,1
جدابه,1
الاتجاه,1
فاجاتيني,1
قرش,1
ونخطي,1
قيس,1
ليلله,1
كيبغيك,1
عادشي,1
وكور,1
بالحاله,1
وطار,1
فضت,1
نتفاهموا,1
ونهضوا,1
بالجديه,1
والشروط,1
حمسني,1
علمي,1
يوافقوا,1
تقدموا,1
واعيين,1
مقفين,1
حددوا,1
وحددنا,1
يرم,1
والحبيب,1
الصدق,1
زهج,1
فينهار,1
الزملاء,1
براسنا,1
عارض,1
تحمق,1
مصطي,1
نتمتع,1
نسيتش,1
عارضين,1
التقاليد,1
كيتزوجوا,1
هباس,1
سبقوني,1
جلسوا,1
واخوهم,1
الداني,1
لاجمل,1
اليالي,1
كتحضر,1
طفله,1
رومانسيه,1
طيبت,1
كيفف,1
جففت,1
شفاف,1
تقرت,1
موفاش,1
دوشي,1
ونهني,1
الخدامات,1
تطيحي,1
تندمك,1
ضرك,1
شقاو,1
حاصله,1
بالخدامه,1
وانيا,1
جبتيها,1
هرست,1
جيبيها,1
رزينه,1
ومقله,1
جيبيه,1
ونشوفها,1
ماكتبتش,1
القدامه,1
خلعني,1
خدامات,1
وهادني,1
وطاطا,1
وعايشه,1
التفاهم,1
الحباله,1
كونجي,1
وحيلي,1
قبلتني,1
كح,1
المربيه,1
تقاب,1
وراقب,1
التصرفات,1
متعاونا,1
المنظ,1
لثاني,1
المانع,1
قلبني,1
فتر,1
الفتر,1
القلعيه,1
النفاخ,1
نخلف,1
لشهري,1
باقيلك,1
سمانه,1
تولدي,1
وافي,1
هبطي,1
حاشاكم,1
فرعوني,1
طوني,1
وماعرفتش,1
وقى,1
راقب,1
الفرمليه,1
قبلاتك,1
هيي,1
ويعودوا,1
يخيطه,1
حكت,1
مكمش,1
مناني,1
بكثر,1
الزحمات,1
يتخيط,1
وزها,1
تبنجت,1
شدش,1
البنج,1
ندقق,1
الديال,1
ونتمشى,1
شراين,1
عرفتوش,1
رتاح,1
كيبر,1
كيتس,1
الحلال,1
بات,1
يطمني,1
اعز,1
نوقع,1
رطل,1
يكملنا,1
زعفان,1
الحميميه,1
ترخ,1
خفتي,1
يصوتوا,1
واخد,1
راحته,1
فرني,1
تحقي,1
كنرى,1
يحملني,1
بالراجل,1
لموقع,1
يخشي,1
تخاصموا,1
مخاصمين,1
الكم,1
العزيزي,1
كنكتب,1
كنكم,1
دها,1
عزبه,1
جيل,1
جابوش,1
الخزامه,1
حوالو,1
جربها,1
يترخ,1
ترقيع,1
مرضني,1
بولتها,1
وسمت,1
مبطله,1
وزينه,1
لجوجل,1
مجرباها,1
شديه,1
وتض,1
داومي,1
توضي,1
تبعتي,1
سمن,1
وريقه,1
خزامه,1
وتوضي,1
طلعه,1
عوق,1
توضيت,1
غليان,1
وشلت,1
غلا,1
تشطت,1
سحلت,1
وعجبني,1
متبعها,1
لاهار,1
شهار,1
مسون,1
العفريته,1
قرطاسه,1
وعروسه,1
وكتفو,1
زربان,1
سبقتي,1
ماخص,1
تقال,1
تستعمل,1
والمنافع,1
مربينه,1
ولقاو,1
واثقه,1
متخوفه,1
الحميمي,1
نخاوي,1
بالزين,1
وبنيه,1
الست,1
منافع,1
زين,1
يتمتع,1
نعمم,1
والعقليه,1
ياكد,1
العرف,1
تعاليقكم,1
جاوبها,1
سمنا,1
كيعاني,1
وبارطاجيو,1
شافتش,1
تشوفها,1
وقريب,1
مسميني,1
نعبر,1
نتعاطى,1
وقدامي,1
نقلق,1
الخدود,1
بقياس,1
رف,1
ونعطي,1
يستغلوني,1
صحباتي,1
حاجرين,1
وحاطين,1
كريام,1
الكيام,1
مزعوط,1
تزفني,1
زفاني,1
مصبع,1
خاطب,1
يتوج,1
بسبابه,1
خيتك,1
كقلب,1
كبدل,1
بكك,1
التخمام,1
والتفكر,1
تزي,1
ومالك,1
النوني,1
لارضه,1
وتطلعي,1
يغرب,1
يخرب,1
لوك,1
هماش,1
يرت,1
والمدينه,1
المسافه,1
استقر,1
للعجب,1
وعا,1
وزون,1
كندو,1
هره,1
تخ,1
اهوا,1
فا,1
ملته,1
الهيئه,1
برهش,1
يقشعني,1
يتقال,1
بعدو,1
تعارف,1
اجا,1
جاهي,1
فيلان,1
تواتى,1
وتجي,1
جتك,1
كعقد,1
المصدر,1
نوعدك,1
تفاك,1
كتبتني,1
يدق,1
متفه,1
دوينا,1
نزيدك,1
البطه,1
يتعرفوا,1
ماجبتهم,1
عجوزي,1
السلاك,1
ليار,1
تقلبات,1
العزات,1
بغمه,1
ادي,1
وهرق,1
القم,1
وباغ,1
الري,1
والخ,1
مستقبلها,1
عفش,1
والريح,1
لدارها,1
وقبلت,1
قابلين,1
تحبوا,1
يفعلوا,1
كريه,1
القفطه,1
الكياج,1
وبسي,1
ومسحي,1
كلوس,1
ولبست,1
القمي,1
خصموا,1
كانيك,1
الشوا,1
الدابي,1
كيخن,1
بعدس,1
كتطلع,1
كوط,1
شرت,1
الشرت,1
حور,1
نشريها,1
وعبرته,1
تجاها,1
قيست,1
كقيس,1
تخزر,1
تخنت,1
الشله,1
عجبتها,1
تفرع,1
دغ,1
تحليت,1
تقيسي,1
الهوبات,1
تبعوا,1
رقص,1
مارضيت,1
ذب,1
الحقره,1
لاقف,1
جاوبتش,1
غضبتك,1
وقلقك,1
غمضي,1
العوينات,1
غمضت,1
عنبي,1
سنسله,1
تميره,1
نشيلك,1
الشرته,1
شفتيها,1
وعجبتك,1
باركات,1
الصغيوره,1
شراها,1
وحطها,1
بالعصير,1
شطحنا,1
حيحنا,1
تمتعنا,1
كوصي,1
طراك,1
ماتبقيش,1
قصرتش,1
خداها,1
يضي,1
بحالتنا,1
متحزمه,1
تسدو,1
تورتي,1
سديتي,1
ومشيتي,1
وقالتلك,1
شمن,1
نضار,1
بانا,1
وزف,1
خليونا,1
عيانين,1
وصم,1
ماقتش,1
جتها,1
كنيل,1
لرج,1
خليتي,1
ستوت,1
وزيدها,1
اللوكي,1
الشنتوف,1
وخرجتي,1
القرعي,1
كوكا,1
وعمروها,1
الزب,1
ومادام,1
كيته,1
شقايه,1
بحش,1
وسكتي,1
تركب,1
حماري,1
غيريه,1
ماتخافش,1
مبكيان,1
ماتعرفي,1
والشياط,1
والماكياج,1
شمتها,1
تس,1
شقل,1
منمه,1
ماترجعش,1
ديده,1
الهاج,1
لبستها,1
الجيك,1
كسحها,1
وزادتها,1
بجافيل,1
طقتها,1
خلاتي,1
بقاتلي,1
شرويطه,1
كري,1
خربتك,1
وتفشي,1
ضويا,1
كنسل,1
فرش,1
بالسرب,1
فاتحه,1
ومطلعه,1
زيتهم,1
زدتهم,1
حكرت,1
ونزلته,1
الصب,1
ويتعاملوا,1
زي,1
الحاحه,1
دعاوي,1
دعوي,1
دعاويها,1
الكرطه,1
فاضحين,1
جابدين,1
كيرني,1
والتبه,1
والحشمه,1
والذراع,1
والزين,1
والسكات,1
ربيبه,1
بجهدي,1
نرضيهم,1
ترضاش,1
تشوي,1
صبعان,1
ورجليك,1
يقولوش,1
الدل,1
كحلو,1
بالدفه,1
تصدموا,1
فتني,1
توحم,1
ويخلوني,1
حله,1
شهيت,1
يشريه,1
الدوج,1
جبتلك,1
كوليه,1
بزبه,1
مرقه,1
الديسه,1
بلاشي,1
سردته,1
هرته,1
يحاب,1
وعرفهم,1
يدافع,1
خلاه,1
درم,1
سقطه,1
مارضاش,1
شخ,1
الحيوانه,1
المنطه,1
تدخلوش,1
حوايجنا,1
تخصنا,1
عكوز,1
كعت,1
تحتت,1
خربتي,1
شطيت,1
الشوان,1
يدن,1
تو,1
السع,1
لز,1
ضرهم,1
حشاها,1
اللبه,1
ركبها,1
يتد,1
بالسار,1
ورجعوني,1
قلقهم,1
عيق,1
يعطيها,1
سنم,1
كيبغيها,1
شافوا,1
كليتي,1
درتيله,1
وكلتي,1
مبخر,1
بقوامه,1
سحرته,1
مايهموني,1
نلس,1
ماكانوش,1
حطني,1
ولاحظ,1
كنس,1
مجره,1
مخده,1
محرك,1
المري,1
مخم,1
ومقد,1
بالمسطره,1
يتشك,1
تخليها,1
كنتخيل,1
وهنيت,1
وكنن,1
يتحل,1
الغياب,1
جايبه,1
للدنيا,1
كشك,1
مهزوزه,1
قيله,1
كخيل,1
بقوش,1
البسم,1
رتبته,1
البيطر,1
مفج,1
فج,1
سديته,1
الكسو,1
البلاك,1
طهرت,1
البسط,1
احتياط,1
البص,1
عدس,1
ونبعد,1
الزحمه,1
معمرين,1
مقيح,1
الراج,1
نسيق,1
نجف,1
بغين,1
يقلبو,1
علهم,1
المسي,1
الندن,1
وشاكه,1
كلاح,1
اللباب,1
وباينين,1
سوارت,1
بعدوتي,1
هزتها,1
ومخبيه,1
سارتي,1
عدوتك,1
تقلدي,1
كتحطي,1
وتنساي,1
ممتي,1
مافهاش,1
مقلوب,1
ماهش,1
وشفتها,1
خبات,1
شكبل,1
العقرشه,1
نويه,1
خزيت,1
الطنط,1
فرجهم,1
وفاش,1
البناتت,1
تراقبيه,1
تبيتي,1
ودق,1
الجوان,1
ماجيت,1
الساروت,1
كيسجل,1
الميك,1
الرما,1
شل,1
كزم,1
الحجب,1
الفقي,1
التعويد,1
طجيت,1
حماقي,1
تصدم,1
كنوش,1
الريس,1
نتصدى,1
عنتي,1
يحمدوا,1
وعجبهم,1
كسراني,1
بغيتهم,1
دخلهم,1
العكوس,1
كيرفو,1
وبطلو,1
صرفهم,1
شبت,1
الها,1
وسكتت,1
الدوسه,1
نطج,1
ويعزل,1
ديتش,1
الكسوه,1
مرقي,1
حرقت,1
وشريت,1
نلبسهم,1
غمامه,1
ظري,1
ومتبع,1
اذكاري,1
رخت,1
كقرب,1
للجهه,1
صبحانه,1
غدب,1
حشايشي,1
مايخافش,1
التساؤل,1
نوري,1
شايفينه,1
السجيل,1
نسى,1
خوافه,1
يربطون,1
يعذبوني,1
والرحمه,1
وتكتفني,1
حايله,1
وعرفتها,1
ودعو,1
حبار,1
وميلهم,1
النصائح,1
خافش,1
تسمحي,1
متقل,1
تعترفي,1
قادين,1
دبرك,1
التجيل,1
ووريه,1
الثقا,1
شرهم,1
خوف,1
يخافوا,1
يخافوش,1
تثقيش,1
ماتقيش,1
وردي,1
يردوا,1
واسي,1
ويلتحق,1
ماختش,1
ونحكي,1
تبو,1
برجليها,1
تبات,1
الظار,1
وتماره,1
البهيمه,1
كسيبه,1
رابط,1
والبكر,1
البقر,1
للقرايه,1
الذكوره,1
قناش,1
المخير,1
للجمع,1
والصور,1
هامله,1
سرح,1
مطوره,1
نخ,1
حاكين,1
بغيناها,1
استغرب,1
عيبنا,1
تعكس,1
رزقها,1
تنادم,1
شتوك,1
بغوني,1
داروني,1
وساكنين,1
كتحلم,1
تقليدي,1
وثقيله,1
ننتبه,1
قوسي,1
قبيحين,1
والتعامل,1
وحقين,1
بالسكس,1
يحكر,1
وعرفوها,1
الكوه,1
شطب,1
لكوري,1
الفميه,1
الحقل,1
خصوها,1
مث,1
كزها,1
ويخلصها,1
كقط,1
الخيش,1
الحلفه,1
وتبيعهم,1
المغيب,1
تشطبي,1
كتغني,1
الجبده,1
كتشيني,1
وكندم,1
لحد,1
وتشكى,1
وخته,1
يفيق,1
كنقش,1
الحرت,1
الحصد,1
غالب,1
غارق,1
دوتي,1
الحفاض,1
مقرض,1
قلبتني,1
تجعر,1
كنف,1
طفت,1
كتنت,1
الدك,1
سلخه,1
ندفعه,1
شافن,1
وزلق,1
الحمر,1
وحت,1
زني,1
تحركش,1
مارتحتش,1
تناقشيه,1
وضرتها,1
شدهم,1
بيهم,1
والتكس,1
وتكست,1
ودارو,1
شدو,1
السارح,1
وولدنا,1
والكوري,1
سكني,1
عياله,1
سقرت,1
قناي,1
ووليدي,1
مخصوصين,1
للجامع,1
الغله,1
الخرفان,1
البكيره,1
الزرع,1
الكروش,1
نوضو,1
يجريو,1
ناضو,1
يخرجوني,1
فرقوا,1
عطاوني,1
كرينا,1
ماخلينا,1
كحزم,1
الترفيس,1
ودل,1
رفنا,1
التكر,1
فيص,1
ميده,1
تلفنا,1
وكلفنا,1
سعنا,1
نقضوه,1
مدينا,1
الجوامع,1
ماعطاني,1
الشرح,1
كلاوني,1
رمو,1
ريالات,1
تسالينا,1
خسرتها,1
بعنا,1
الربط,1
راجينا,1
هزك,1
الطرقان,1
يخلصوا,1
كيغي,1
بشهر,1
نعيشه,1
كيلعب,1
يوجع,1
لمدرسه,1
وجيبه,1
وغاد,1
بهيه,1
الشش,1
والمعامله,1
مفضل,1
الفرز,1
حاشى,1
صط,1
وتهي,1
نربيهم,1
كحسن,1
فضل,1
كسينا,1
زبطنا,1
نفعت,1
وهزت,1
بقع,1
بعها,1
بعهم,1
بدعوه,1
عول,1
خطبوها,1
تسك,1
وتقوللها,1
قرايته,1
وباه,1
لتمارة,1
القراية,1
والخدمة,1
الرويضه,1
كذكر,1
وزير,1
معكس,1
مفشه,1
كنسا,1
ومرضي,1
شافته,1
قرج,1
معع,1
ولاقيك,1
ريسنا,1
والاخره,1
طحش,1
يبغيها,1
خطنا,1
فضينا,1
فعه,1
قطيطه,1
كنصر,1
متناكين,1
مسموع,1
يتناقشو,1
كملها,1
وجملها,1
حملتها,1
قبلتها,1
معيشاني,1
ماترمش,1
وكتي,1
زدها,1
بالكامه,1
متعمر,1
الفقسه,1
نمرض,1
خباره,1
لقها,1
مكحله,1
السعد,1
لخوها,1
معلمه,1
لد,1
بجاج,1
متدين,1
عذبوني,1
تكرفوا,1
جعوني,1
مردون,1
كنقر,1
تنسيني,1
دسي,1
عليش,1
بجلي,1
خدمي,1
مديلي,1
عاطيها,1
قش,1
فشوش,1
حه,1
بنظركم,1
متصلحش,1
داروي,1
وعز,1
الكبده,1
وملفه,1
يونسني,1
يعزل,1
هزوم,1
مشكر,1
الرطمه,1
وخلا,1
بمراته,1
وجابها,1
يشوفوها,1
قدرتني,1
فرحها,1
ونتهنى,1
وتولد,1
قباح,1
تعرفيش,1
بدله,1
بالعلا,1
وكتلي,1
دخلتني,1
شايفاني,1
بغيه,1
وكسيس,1
وهاني,1
بولدك,1
قايمه,1
كسيت,1
القاش,1
شراعي,1
مكاف,1
كنزول,1
وزيدوها,1
وحطين,1
يقه,1
كقولها,1
تحرشي,1
الخطيب,1
كعمرو,1
ببنتي,1
وغين,1
يخربوا,1
البالي,1
والخطيب,1
وط,1
تطلعها,1
حلمت,1
ويتفقوا,1
يرزيني,1
نتسن,1
لعمهم,1
لعمكم,1
يشربه,1
السيرو,1
غاد,1
العقروق,1
وجابته,1
كترم,1
الهوايش,1
كتلي,1
صابي,1
النقيطه,1
تللت,1
الفعال,1
ولدغني,1
وبغض,1
تطير,1
قبني,1
بالعشره,1
بذني,1
وكسك,1
تيح,1
وكيتى,1
الشياطه,1
تحطها,1
بالجميل,1
اليخ,1
يحسبنا,1
شاخذ,1
وماطر,1
تدني,1
الركنه,1
وحوايج,1
جلبانه,1
كطو,1
كويسين,1
مسخين,1
كنزع,1
التعيب,1
دويز,1
الطوي,1
زيرو,1
طيبي,1
يعيف,1
ونجفف,1
نحت,1
تجفف,1
كديره,1
غايب,1
تمسكن,1
الكفوف,1
تمد,1
صدعتيني,1
حني,1
خويت,1
تقولهاش,1
يقني,1
الفعه,1
كلات,1
دماغه,1
نقطتي,1
نعزل,1
تعمر,1
ظلماني,1
ونصدق,1
يديا,1
مجمعين,1
تجليها,1
تسمعيها,1
الاديو,1
لوي,1
داتني,1
مادخلتش,1
نزوك,1
لدني,1
وكسم,1
قلها,1
الغليظ,1
اميمتي,1
وشكي,1
قراني,1
وختها,1
فخرج,1
ويتقل,1
الغليض,1
هيقت,1
مادات,1
وعشره,1
طرش,1
وحساب,1
لودني,1
الطرشه,1
التاركه,1
الزهيمر,1
يقيسها,1
نتهنى,1
تخرجيني,1
البي,1
تكونان,1
العشا,1
بديتها,1
بالشويه,1
ماكليت,1
خليتيني,1
بالجو,1
الناسي,1
وشاه,1
وتخر,1
تعق,1
كنسى,1
جهلتها,1
تاقت,1
وناضت,1
لولادها,1
حلمكم,1
تنساو,1
كتنس,1
مثلت,1
التفو,1
عصبتيني,1
كتسجل,1
لبسني,1
الشلابه,1
لجي,1
طفيت,1
تقهرني,1
تمحنت,1
داويته,1
ليالي,1
جازني,1
الجزاء,1
زوني,1
فينقلبوا,1
دفعتها,1
متبو,1
بلع,1
الكذوب,1
جريتي,1
لزنقه,1
وتعطي,1
لقلبها,1
نكرت,1
هضرتك,1
تفرش,1
قرعت,1
نسيبي,1
حتك,1
لوسك,1
الاوروبا,1
تصمت,1
كبسه,1
لبنتي,1
لعبيه,1
قصعت,1
السمطه,1
ونفتحها,1
وزوقت,1
وحطت,1
نسكت,1
ديرك,1
القدامي,1
والجداد,1
وصيدا,1
خدامتكم,1
ودتها,1
عيور,1
ولقاني,1
شرطنا,1
تاق,1
ختكم,1
جناحها,1
باتي,1
كتبات,1
ماتقدرش,1
العروسي,1
وغلبتها,1
بكيد,1
بالسكت,1
وتعنت,1
بالهضاب,1
كعقل,1
جريتها,1
لمصيده,1
وسيدها,1
ودخلتها,1
قفس,1
وطيحت,1
تفضحه,1
لمراته,1
الولادي,1
بالخوات,1
تقرهم,1
كنرطب,1
وحامله,1
بالثاني,1
وضاره,1
والف,1
وخايفه,1
نفرشها,1
حدني,1
مونان,1
طولت,1
استحمليني,1
الضيفه,1
بلداتها,1
وطاحوا,1
وشكر,1
الكوراج,1
وعلينا,1
ورتني,1
تتبعك,1
ينورك,1
ويشافيك,1
قاده,1
قدوك,1
متساويا,1
فبعض,1
درويشه,1
وتخاف,1
ساجيه,1
قاريا,1
وكفيله,1
نقراو,1
محنو,1
عجيزته,1
عزتكم,1
حسبهم,1
والعزي,1
يصبروا,1
يحسبهم,1
عجوزتها,1
المصان,1
خطوا,1
كيداب,1
بسوا,1
ويغرق,1
ويبغي,1
بالتعاليق,1
الذريه,1
وهلا,1
ورقم,1
كحكي,1
سالوا,1
لقو,1
تعرفو,1
ومخرجه,1
البنا,1
للسن,1
وساكن,1
البوكوص,1
عرفها,1
دارني,1
للثانويه,1
منتبه,1
حسه,1
بالوقت,1
ودو,1
وهاشنو,1
حامق,1
تسطي,1
المصاحبه,1
يتصاحب,1
جه,1
نتصاحب,1
كنور,1
وحكا,1
مغمضين,1
ونتكلم,1
نتخلق,1
تصاحبي,1
والتصور,1
الاستطاعه,1
نقراها,1
بالباك,1
وذك,1
رببع,1
راغبين,1
قب,1
عطيناهم,1
صوابهم,1
تغامزوا,1
لاحظتي,1
توشوش,1
بينكش,1
كيتم,1
ازوا,1
عرفونيش,1
وولدهم,1
وماكله,1
كانتي,1
لولدك,1
قريه,1
وتسول,1
ندفع,1
دراسي,1
نديره,1
السنك,1
محسبه,1
وشان,1
عجبتنيش,1
قده,1
عاشوريه,1
بشلا,1
كغلي,1
بالغليان,1
ماقدرت,1
وضرت,1
شقى,1
تجاوبني,1
العجب,1
وضحكات,1
حشمه,1
تابعاه,1
تسرت,1
ضورت,1
وعرفي,1
ملاصقا,1
قوليها,1
تقرص,1
قترت,1
ماضرت,1
جاوبي,1
ودوت,1
تولفيكس,1
سميا,1
لاكط,1
تاجل,1
ماوي,1
كراو,1
حطو,1
خوالات,1
عمامات,1
عطاتو,1
مطرطق,1
الوتيل,1
كتيب,1
شغلي,1
شها,1
تصايب,1
بالعيب,1
وتحاسب,1
هرتها,1
بحشيه,1
تني,1
كعند,1
توره,1
مايعجبهاش,1
الرج,1
الرجي,1
شبي,1
ونضرب,1
نهشا,1
ونبدل,1
بفرحات,1
كتلبس,1
البديله,1
فلانش,1
انامي,1
فراشي,1
كخز,1
مداها,1
تبعوني,1
ماحستش,1
عارفاهم,1
ينكدو,1
اولى,1
جاتهم,1
الصالح,1
البوتيك,1
اللبيسه,1
الوسي,1
وخصك,1
العبسه,1
للزوج,1
قيسه,1
تخدهاش,1
حسنت,1
مدام,1
ونتشو,1
نتو,1
اوف,1
نقتي,1
عيات,1
فهمنا,1
بقيتوا,1
ماتخرجوش,1
تفروا,1
يخصم,1
تبد,1
كتمني,1
جعني,1
خلقت,1
قبلها,1
بالهضبه,1
ماترديش,1
حاكاني,1
جفاف,1
ماجبش,1
وفص,1
عليت,1
وعطيتها,1
بحوه,1
ليي,1
قصدش,1
مفعله,1
حسيتش,1
كتجري,1
بالمليز,1
ومراتك,1
احترمتني,1
رجعوني,1
تعدات,1
كتباك,1
وعطاني,1
كتخربق,1
ونطلق,1
فرم,1
وعرفتني,1
وصلتها,1
يعتذر,1
ورجعني,1
شافه,1
العس,1
صبح,1
ويحسب,1
حسف,1
الذنب,1
مرداش,1
جلستي,1
وجبنا,1
تعيرنا,1
فسيتي,1
استسلمت,1
لوسه,1
وكتم,1
مقوره,1
مخصوصه,1
مفرطه,1
والكلاس,1
تنكد,1
رتيلا,1
المجر,1
علق,1
كتم,1
كيح,1
اكتافي,1
القاموس,1
خاصمه,1
ورجعتني,1
والسباب,1
جاوشي,1
مثالين,1
يزعقوا,1
تابعينا,1
تهزها,1
ومكره,1
يزعق,1
زادته,1
بطط,1
المضه,1
تقتلني,1
العوافي,1
كنسب,1
عيرها,1
القهو,1
ليد,1
بدين,1
حرشه,1
خوتاتي,1
كنهدر,1
تبعني,1
ضحم,1
خطفوا,1
فرشت,1
السيار,1
قاضي,1
اللفه,1
المجتمع,1
ماتمنى,1
العدويه,1
الصمطه,1
بسيم,1
قاسح,1
ندمها,1
ننتقم,1
تخول,1
كيتكلم,1
يطفر,1
مابين,1
خطط,1
كيفاه,1
واشقي,1
شط,1
وطر,1
خبارك,1
مرتي,1
سببك,1
كعدى,1
وكنود,1
حايل,1
المقوره,1
المضيوم,1
وتبيني,1
الاقتراح,1
قنعها,1
عكسوا,1
تمنيتك,1
مطلوقين,1
ضرتك,1
كتلون,1
وتصفر,1
وتخضر,1
القوش,1
كتغى,1
الحماره,1
الخانز,1
قهرت,1
يشفق,1
الدني,1
فرجني,1
فلوسي,1
تستغب,1
استغربوا,1
ماكنيش,1
شريكتها,1
معززه,1
مكرمه,1
وقاسمها,1
بالليله,1
فطحه,1
وتش,1
عويد,1
باليش,1
والاذكار,1
ودخله,1
كيتك,1
السيلو,1
لازين,1
اخق,1
نقتل,1
مدلوله,1
ولاصقه,1
ماتزيدش,1
تعليه,1
تجاوبوني,1
وتقولوا,1
جاتكم,1
كنشكركم,1
الامينه,1
غزيت,1
اشبت,1
ارحاب,1
مننوعه,1
جزي,1
للتساؤل,1
الصوبه,1
يس,1
جيتش,1
خوين,1
للاتي,1
قشعر,1
البدن,1
بقواعد,1
نعاودها,1
بكيس,1
يتنش,1
كبيداتي,1
تقليبات,1
بعاني,1
للبال,1
مجردين,1
ومدور,1
النا,1
عرا,1
وحاليا,1
التقاعد,1
النسبي,1
جاها,1
للخت,1
نفوتها,1
شاطه,1
نطير,1
ومغنى,1
ومعكسه,1
هراج,1
حنه,1
الحجره,1
الحنينه,1
تخبش,1
تمش,1
مفضله,1
كتموت,1
نكرش,1
توريني,1
وكتل,1
الواجبات,1
بخواتي,1
وتناقشوا,1
الصباره,1
ككم,1
المخاصمه,1
متحاملين,1
كيعجبها,1
عطها,1
تبهديل,1
يخبط,1
كملته,1
وخصمت,1
صدقتي,1
مورانا,1
الفضايح,1
الجرادي,1
تصح,1
والخرى,1
الض,1
مرحمهاش,1
وقصوا,1
جلسها,1
خرجوها,1
تجرب,1
التحليل,1
مازاد,1
تبعي,1
الطاول,1
غاضيه,1
الياس,1
واستجبت,1
رضت,1
بالقدر,1
ودا,1
غنيمه,1
قرابين,1
المقدر,1
نتخيل,1
ويشفيها,1
لميمتي,1
وبرات,1
اشهور,1
وتبع,1
ضرف,1
صحاحه,1
تنبت,1
الحجبه,1
البشره,1
اناك,1
خه,1
دافع,1
ريف,1
مهو,1
نعيشك,1
تحلمي,1
تعيشيها,1
بغاتو,1
تكست,1
قبلتش,1
يتلاقى,1
عجبات,1
يتفك,1
الشوه,1
عطيتيه,1
لقيتيه,1
بلوكي,1
وهني,1
وسوس,1
عطته,1
صلاحنا,1
وكتوم,1
كرب,1
ساكته,1
نحرها,1
بالاسئله,1
المتنزه,1
لمرتي,1
بحالاته,1
جبتيني,1
خديتي,1
يغمق,1
تعلقت,1
ونطلع,1
لياس,1
يترقب,1
مايحشم,1
لار,1
وخطبني,1
لصراحه,1
قرايه,1
جابني,1
ابنيتي,1
فايته,1
وطلع,1
يخطبها,1
يخطب,1
حشمني,1
شهدها,1
تخطبي,1
صمتي,1
يرحملك,1
كنجر,1
قلتنا,1
ينه,1
يزوجها,1
يلاقيني,1
ساليش,1
ويتكلم,1
كنوب,1
طلبلي,1
الراسيه,1
خلاى,1
اللبسات,1
والزوق,1
جابهم,1
نكتشف,1
يفطه,1
التوجد,1
يتقرب,1
رغبته,1
وطلبته,1
كطلب,1
وترغب,1
نتجاهله,1
وتكلم,1
الشكيل,1
تقلبت,1
لدياري,1
ظلام,1
كنترات,1
خيفانه,1
استوعبتش,1
كعنق,1
يخططوا,1
لحياتهم,1
نتاكد,1
نسد,1
السجينه,1
بديال,1
وبزه,1
قريتي,1
تناقش,1
يشغلي,1
نحشيه,1
كملتي,1
وتفتي,1
سست,1
وتقنعني,1
يسق,1
ببنتك,1
الهنا,1
قابلها,1
ونات,1
تصلت,1
لزقوا,1
وبوني,1
لزواج,1
وجعاني,1
يتكي,1
تجمعي,1
تنقشي,1
قرقب,1
العظم,1
تشجعني,1
ماتزوج,1
وهدرت,1
تبز,1
تحطيت,1
حالج,1
نتوج,1
المستحل,1
نتوكل,1
ونوض,1
بوكوس,1
يطار,1
حضرتش,1
نقش,1
الحنه,1
وعيانه,1
ملهيه,1
بعرسي,1
البقمه,1
مفرشه,1
يوفرها,1
جيتو,1
ويته,1
مديرون,1
جياني,1
الزايده,1
يديرون,1
جيني,1
الصحبات,1
كنك,1
نخلى,1
معنديش,1
نتغل,1
بغيكم,1
نقن,1
يجيبك,1
قنعته,1
تقتنع,1
وعدها,1
وطرت,1
مدابز,1
كطب,1
دويت,1
ماتب,1
يضحكوا,1
الغويشه,1
حاكم,1
ريفه,1
وحنينه,1
كيكت,1
كيحك,1
الدبره,1
يسيه,1
للدم,1
العضم,1
وحشيه,1
جبني,1
امبوسي,1
بالحاجه,1
غالطين,1
الفقه,1
مافق,1
السعب,1
الوجع,1
وجع,1
فيقني,1
نخلو,1
تكثر,1
كيدش,1
وعنده,1
النرجسيه,1
توجت,1
قراتي,1
تسيف,1
سقله,1
تقلبك,1
زعف,1
نفتح,1
مصرين,1
فتحتل,1
تحيح,1
نشوش,1
مضيوم,1
منقوره,1
لخط,1
للاهل,1
حرش,1
تقاض,1
انساني,1
مطيح,1
الدان,1
جلسي,1
تمرض,1
نديها,1
راكبه,1
فرملي,1
سلمت,1
ماد,1
تبانش,1
مغيره,1
شافهمش,1
يتصدم,1
وتتم,1
جعدي,1
عارني,1
سبني,1
الشوهه,1
يمين,1
فيدو,1
مندوك,1
للسبيطار,1
تصفط,1
صيفهم,1
تطلقني,1
وولدها,1
ناسيت,1
صدمتها,1
جايش,1
لمعاوده,1
ورجال,1
وصبري,1
كسره,1
كسرتني,1
صورتني,1
وصفتني,1
سرت,1
صدموني,1
فيهش,1
بالتصور,1
برسائل,1
كتعن,1
شله,1
الاستد,1
براج,1
نفقها,1
ونعطيها,1
مديتي,1
جاوش,1
وقفو,1
لكلامهم,1
بالعلالي,1
والبادي,1
وتمت,1
وتشوفني,1
بانيي,1
ومثلت,1
بالدليل,1
بامكان,1
نشوها,1
بالفرق,1
بالطريق,1
وتزوجتي,1
الغليل,1
وبعلي,1
مصدومه,1
اوقات,1
خوات,1
رضتش,1
غوتو,1
تنطح,1
مايهمنيش,1
سب,1
للمشكل,1
معيشني,1
الحريه,1
التامه,1
ضي,1
عايشاها,1
ماتي,1
بالطليق,1
المعمل,1
ومعصبه,1
مفتخره,1
طيحو,1
التبهديل,1
درتوا,1
مرجعين,1
غلطت,1
نتصرف,1
عفت,1
ناخر,1
وقاده,1
ورجعتي,1
تحفر,1
تغرق,1
كحف,1
الحفير,1
العتقه,1
كيدا,1
نقوش,1
تحطي,1
تحطيله,1
تقوليله,1
فاخت,1
قاللكم,1
غضبانين,1
يشافيها,1
تصرف,1
وجربي,1
بالنجاح,1
تصالح,1
يستحملها,1
بررد,1
يطلقك,1
الاولاني,1
يقولك,1
عرفكم,1
وصلحي,1
تكسر,1
لقيتوا,1
تصلحوا,1
وتسمح,1
يجاوبوني,1
الجواب,1
يجوز,1
كجوز,1
فال,1
احتسب,1
رديتي,1
بالمل,1
تصالحي,1
تصالحوا,1
يبخلو,1
كترحم,1
نسولكم,1
والشهيوات,1
خخير,1
دعموني,1
الارباح,1
تسمحولي,1
البنيات,1
تدعموني,1
خليوي,1
نسمعوا,1
وبلاص,1
خبطني,1
فه,1
وكنتى,1
كيسك,1
كيحمق,1
وبوكس,1
لخاطر,1
بخر,1
الشعره,1
مراقبني,1
ليسي,1
الصبه,1
وكرمي,1
يسبع,1
ويزعق,1
اعطيتيني,1
التساع,1
التيساع,1
داسر,1
وكيسر,1
احترمني,1
ابنت,1
وعطيني,1
ومعيون,1
خالقني,1
يبعد,1
الكبيرك,1
خاشيه,1
توحش,1
وكبدها,1
كشب,1
نخبيها,1
بشفت,1
تخصم,1
وسول,1
درعان,1
وجف,1
حسباني,1
معتبرني,1
اعتبار,1
برهوشه,1
جون,1
نحلمش,1
تمناش,1
قاسه,1
البرزه,1
وشاده,1
نع,1
ويصحب,1
نخش,1
المرته,1
جبتها,1
كنكل,1
يحشم,1
الفريخ,1
بدني,1
وكنك,1
الرطوبه,1
تفهموش,1
تكملش,1
المق,1
تسخت,1
بخطيبته,1
لولده,1
طرطيره,1
ياودي,1
تقلبي,1
وتحشينها,1
ومت,1
وكح,1
وكنف,1
مينات,1
محمحه,1
فرديتهم,1
صبغتهم,1
حجبي,1
نقيت,1
النكه,1
القميس,1
بيض,1
البوكي,1
ولاب,1
ميجه,1
بيضاء,1
بعما,1
حسابك,1
يحسبلك,1
صي,1
صعان,1
حملتهم,1
قبلتهم,1
كرشه,1
عندد,1
قرنا,1
وركبوا,1
بايه,1
بالذت,1
غديش,1
براش,1
وحشنا,1
ترفضي,1
وضيعوا,1
القد,1
غوتت,1
غوته,1
ماديش,1
نديش,1
بعدوني,1
فهموني,1
عار,1
كيسولوني,1
خليوني,1
الفشوش,1
المي,1
حاكت,1
ازم,1
وكيدي,1
نقتلها,1
ونقتل,1
تفى,1
أبويا,1
وقيلا,1
جعر,1
الجاوي,1
كتبخانه,1
مهروش,1
تخصي,1
تقوا,1
وكقوة,1
كيسيس,1
والفقيه,1
كخوف,1
نصفك,1
التثلث,1
البقه,1
مابقش,1
لزاويه,1
ونعلي,1
وجايبه,1
الكذابه,1
جننك,1
تعدينا,1
عبنا,1
ودقيت,1
ندم,1
وح,1
جاركم,1
يشدوك,1
وكنز,1
كخنزير,1
سخفني,1
وندمتي,1
هربه,1
هربي,1
صباطي,1
وعليت,1
جيلي,1
وطى,1
كوعى,1
كتوقف,1
رضني,1
بوحت,1
ناد,1
نكور,1
وقلبت,1
وعوج,1
لاقمي,1
لصخ,1
غمز,1
سدوا,1
مكوره,1
غمت,1
مرطبه,1
حميتها,1
الفلاقه,1
وينزلوا,1
دخلتي,1
لهد,1
تلقوني,1
العري,1
ماطلق,1
نسرك,1
يطري,1
الشمروج,1
الخبط,1
بخار,1
قطوني,1
كنوت,1
نطيرها,1
قلوش,1
يتلكم,1
يطلي,1
جابوك,1
جنابك,1
الترابي,1
ونوري,1
يوصلك,1
بيك,1
وبالله,1
متيق,1
الاى,1
التعذب,1
بصع,1
ومتعلق,1
رفضتيني,1
نطلك,1
توافقي,1
بلات,1
بحيط,1
اكتبت,1
الطقص,1
شكره,1
بطمه,1
سكنا,1
مضيه,1
نوق,1
وعايشين,1
يجبني,1
مارش,1
عاودتها,1
وشاف,1
الجزائريه,1
وعيش,1
ويخلي,1
كليتها,1
جنباتي,1
اللهلا,1
دللتي,1
يتي,1
توري,1
فالبنات,1
المخارج,1
مبدلين,1
فقبلوا,1
سطوري,1
عجبتكم,1
للقنوات,1
الهوم,1
روم,1
حطالي,1
مكط,1
مالقيناش,1
لانطاليا,1
البابي,1
تغيرات,1
ونصور,1
ديتاي,1
الاختيارات,1
فبغي,1
ازد,1
كاملم,1
حع,1
الاوفيس,1
طوا,1
للسيت,1
السيت,1
كنقلبو,1
عندت,1
كيرب,1
ربحوا,1
والمره,1
وحوه,1
قصني,1
كطرق,1
ماحملش,1
يستفز,1
يستفزك,1
عرني,1
نغسل,1
اليت,1
بيشمه,1
نحك,1
وواد,1
الذ,1
ارعه,1
حيدي,1
وحيدي,1
نربحو,1
ننصحكم,1
كارط,1
هزلك,1
نبوح,1
مابش,1
بوعت,1
ماكلنا,1
الغال,1
طرحوها,1
هبار,1
حزاف,1
عشناهم,1
ذوبتها,1
عج,1
السميده,1
سبيسيال,1
وانل,1
الاخيرت,1
كنفهم,1
وصلش,1
عمم,1
ويعرف,1
بالساهل,1
والقرس,1
السمرا,1
نربي,1
كنكت,1
ايميل,1
ماتهمنيش,1
مسوقا,1
فاهمني,1
كشرح,1
اسميت,1
دزتي,1
دروس,1
نهزو,1
خصوصه,1
القيه,1
وكبار,1
كيربي,1
خصوا,1
وعندهم,1
تنكبر,1
كيكبر,1
بالوجود,1
تيقولو,1
لجوج,1
فالمراه,1
ماطرش,1
مط,1
رغبه,1
ماغس,1
ومسؤوليه,1
تحنك,1
انتقلي,1
لبلادك,1
تشوفهم,1
يك,1
قريتها,1
ماخدامش,1
وتسكت,1
تهرش,1
مشاعر,1
نعتبره,1
يسعر,1
يجاوب,1
كيسال,1
وتحبس,1
العو,1
اطري,1
بهك,1
تفقي,1
تفهمش,1
اناط,1
ين,1
كيخا,1
كييه,1
ماشافش,1
عصبك,1
النيف,1
تسما,1
ذبتي,1
طيحك,1
تعصبي,1
تحكمي,1
يتسمى,1
للقضيه,1
ضيت,1
ودانك,1
التخربيق,1
لحماتك,1
تدينان,1
حمات,1
شاريه,1
محتفله,1
النوط,1
فهمتهاش,1
كتعم,1
حفاي,1
تربيتش,1
ترقيب,1
الشابو,1
معزوله,1
يغلطوا,1
غلطهم,1
كنسرت,1
وباهم,1
لومهم,1
نلومهم,1
نقبلهم,1
كجس,1
تقنعهم,1
تربو,1
تربيتي,1
كبرتي,1
يقولل,1
بالمد,1
كتجنب,1
نضر,1
تادي,1
تالم,1
تضار,1
اناج,1
رغيفه,1
تطع,1
بغف,1
بحلي,1
تركيش,1
وعفاكم,1
مايعرفش,1
تكوش,1
كومونو,1
كنتوش,1
تعلقو,1
عارفينا,1
رغف,1
رغ,1
الشتوي,1
كصب,1
رغيفات,1
ونقس,1
بالبحر,1
هذاب,1
فيوب,1
كانشي,1
السوعه,1
مغربيان,1
قلهم,1
مواح,1
بسلامه,1
عارفي,1
عرت,1
تخربق,1
فلاول,1
ويكتشف,1
لعراض,1
تكتشف,1
عجبوكم,1
شعراتي,1
مطوله,1
نجيع,1
وابار,1
نعرفش,1
بزني,1
نجمعه,1
ونلبس,1
مريحاني,1
علكم,1
فاول,1
فتيرا,1
مسو,1
دارتنا,1
الطيرا,1
ميسو,1
مونطاج,1
وتصوري,1
كيشاني,1
وربعه,1
مهلبيه,1
بواط,1
بودوا,1
وضروري,1
نغطس,1
غطست,1
تقطعيه,1
تاكليه,1
ترطبه,1
كندر,1
اصول,1
هدبس,1
اكش,1
فهمتوا,1
سوت,1
العظمى,1
لحظ,1
الحامضه,1
وكتش,1
نوهم,1
وكتلهم,1
الثوب,1
تزيدهم,1
كحي,1
دوها,1
الحروريه,1
كورما,1
جيش,1
مجهد,1
تنوق,1
يصحب,1
ماستعمل,1
الشوق,1
نطيبها,1
وطريقها,1
وحسيت,1
انهيار,1
يجيوك,1
كوق,1
غديري,1
نتلافى,1
عسل,1
تكال,1
عظمى,1
عندكو,1
مايجوش,1
تجيه,1
كتعطي,1
التحميره,1
وشفتوا,1
الغيمه,1
وكسد,1
معلك,1
غس,1
غاسلين,1
كنحو,1
خزو,1
طحنته,1
منيب,1
تحنو,1
بذك,1
مازدت,1
كقلال,1
والعدس,1
الشوره,1
حكوها,1
بالحكه,1
كتجيكم,1
محكوكه,1
شوي,1
تكتش,1
نغطيها,1
هناي,1
وجدات,1
كفت,1
وحليتها,1
نقسوا,1
كنحتاجو,1
المغالين,1
وتزيدي,1
نقولكم,1
نغطيه,1
فغسل,1
مايجيني,1
فونتاج,1
جاك,1
طيبتي,1
يتسال,1
مسلوق,1
تقني,1
التقنيات,1
المان,1
مانطي,1
البكر,1
غطيت,1
رشيت,1
كتس,1
معشي,1
كنغ,1
جهدت,1
قا,1
نل,1
ماتكلش,1
تضح,1
والبابريكا,1
الكامون,1
صفوره,1
جاكم,1
تشتش,1
ديرو,1
العواد,1
كرم,1
الفته,1
اززي,1
قاديت,1
وقدت,1
المانطي,1
صفيتها,1
اليوغورت,1
يوغورت,1
المعلقات,1
بشنو,1
البزي,1
شويش,1
ينالوا,1
تستعملو,1
صوبه,1
وعارفني,1
غزنا,1
سامبل,1
عارفاها,1
فجابت,1
نحطوها,1
نلعبوا,1
فخليكم,1
المجل,1
الزه,1
مادرتوش,1
ماضغطت,1
الكبات,1
الرقيي,1
عجبهم,1
مشاش,1
نتبعك,1
نبقو,1
هغ,1
يجاوبون,1
كزع,1
قداك,1
ماتفرج,1
غزله,1
كتحاول,1
فيعني,1
فخص,1
بوحدتنا,1
غيزلان,1
الخصو,1
الاتي,1
مادينا,1
كوزينه,1
حطيناها,1
عجبنا,1
حسينا,1
عائلاتكم,1
وجو,1
تحطوا,1
المخ,1
صعابه,1
عابت,1
فحتا,1
اصحابنا,1
نشط,1
كبي,1
زيادتي,1
خلوقي,1
كعب,1
عاليع,1
الصدا,1
فار,1
تنغو,1
صدعت,1
فرعت,1
بالصوت,1
تعلموا,1
انيكون,1
وتلاق,1
الخريجه,1
يبداو,1
كوم,1
العراضات,1
هذال,1
كتشوفو,1
ماتكونوش,1
كمثال,1
اجنبيه,1
كندم,1
مشيتش,1
عيطات,1
عراض,1
ضيفني,1
نضيفها,1
ضايفني,1
ويكبر,1
اضعاف,1
واضعاف,1
يعلق,1
العرادات,1
مايتعلم,1
بالاختيار,1
الردود,1
اوتوماتيكيه,1
الضق,1
نتعامل,1
ماخلي,1
نخسرهم,1
بنتعا,1
ماخش,1
كخن,1
حوته,1
الخنز,1
الحوته,1
قبي,1
ندرز,1
وخصه,1
كدار,1
خضراء,1
تلكي,1
تخلطي,1
كديرو,1
واغلبيه,1
السريع,1
كيموتو,1
تساليش,1
وتاخذوا,1
افكار,1
تحضروها,1
وتيك,1
لبلغ,1
بلب,1
بغر,1
البل,1
مغلي,1
ونخليه,1
وطيشه,1
الحمرا,1
مبشور,1
حكيتهم,1
البس,1
كنستعمل,1
المالق,1
حامضه,1
بالعجانه,1
كنعجنو,1
ونخلط,1
السلوفان,1
يجيوني,1
الحليوه,1
الملفاي,1
بز,1
تدوش,1
كوحش,1
تمطه,1
يتلع,1
عييت,1
مونيتو,1
مونطي,1
كنمط,1
هواور,1
اشرطه,1
وريده,1
غنم,1
مرده,1
كحب,1
صوبتها,1
وعش,1
لوليداتكم,1
للضيوف,1
تبوها,1
طريفات,1
السني,1
يتعسل,1
يرطاب,1
وشكلها,1
لياني,1
صغرين,1
يشدو,1
عجينات,1
واجدين,1
سبانيش,1
لاكشي,1
كنفر,1
كغسل,1
كفرش,1
بالخص,1
كيديروها,1
صبيعات,1
ليات,1
يصعب,1
تشكال,1
نديرله,1
نخلطهم,1
توريك,1
ساهلين,1
وسريعين,1
للضياف,1
للفيديو,1
الحلاه,1
وماتنساوش,1
تشيك,1
حاطاها,1
نطر,1
الطبس,1
عجبتهم,1
يوصلوا,1
الطبلات,1
ونقدم,1
ملايه,1
تطنت,1
نصه,1
نصص,1
تقلنا,1
سبريز,1
جيست,1
نساش,1
مغايره,1
عمليتي,1
فينيش,1
البيتيت,1
تخليو,1
تشجعوني,1
بلايكاتكم,1
اللايكات,1
واحله,1
تشجع,1
وتبينوا,1
محكم,1
المسانده,1
الدائمه,1
مساندين,1
لماماها,1
لحق,1
الاستقلال,1
يذوق,1
مختلفين,1
يحتفلوا,1
بالاستقلال,1
نشيد,1
كيشد,1
يديهم,1
بطوه,1
ويوقفوا,1
ويولي,1
ماتسمع,1
حبانه,1
احتياطا,1
الكونسير,1
يكونوش,1
يعرفوه,1
تعاوني,1
وغزل,1
حاولنا,1
نوجدو,1
خفافي,1
المملحات,1
البراك,1
بالعيد,1
خيبك,1
نقولهم,1
نخلطوا,1
بالمون,1
نيكس,1
تعطيكم,1
والدقيق,1
تبانلك,1
عارفينه,1
اللاطه,1
متقب,1
يكونش,1
تفسق,1
مربع,1
دهنته,1
نفز,1
كنزيدو,1
كتغطية,1
بعضي,1
ناشف,1
كافي,1
معدنوس,1
فشد,1
كفرق,1
منذا,1
البدخل,1
الوسام,1
للفران,1
فطيب,1
بوريك,1
فازه,1
وتفز,1
تبعتوا,1
الليت,1
بالكوك,1
بالكركاع,1
كتشرب,1
وماي,1
الاحاسيس,1
حسوا,1
نفسهم,1
الديوت,1
بلايك,1
الكغ,1
متنو,1
يسوني,1
كحلي,1
وتلصق,1
تقطعش,1
غيقول,1
بوحدتي,1
الظرف,1
الكارت,1
تصبيه,1
فيومين,1
عليهون,1
حصلا,1
الحدين,1
الاربع,1
المقاص,1
الكراه,1
حصق,1
كنتايج,1
الجناب,1
خديتها,1
يصوب,1
بحح,1
ويصوب,1
داجا,1
فوليو,1
يصبهم,1
الفوليو,1
يصاوب,1
ضمه,1
للبهارات,1
كتكتو,1
بالما,1
هائله,1
بطيشه,1
البيشاميل,1
سلقتها,1
وضفته,1
نفشي,1
الموتزريلا,1
ذوب,1
نذوب,1
العشوات,1
المرونيه,1
صادن,1
مدفين,1
اديري,1
كورش,1
كملوش,1
ونضيفه,1
نصاص,1
ونظم,1
بالمعالق,1
فاني,1
خلطتي,1
خلطيه,1
ماكتيك,1
معجنه,1
تحصلي,1
تقريب,1
نزت,1
الاعوام,1
وسولتها,1
والمذاق,1
ونيت,1
صوبنا,1
كنديروها,1
عميته,1
معسله,1
كقلبها,1
تقلبيها,1
وتشيت,1
تهيت,1
مور,1
ضيافك,1
لوليداتك,1
لراسنا,1
كارنيت,1
اللانش,1
بوكس,1
صيفها,1
صاحبنا,1
يديرها,1
يطرب,1
وكيوي,1
ثلج,1
نضيفه,1
ونخلطه,1
باتيس,1
تحضروا,1
والنشا,1
تخلطيهم,1
تحضريها,1
حطها,1
كنجد,1
القشده,1
شونتيي,1
نخلطها,1
ليطيب,1
وفنه,1
الك,1
غدل,1
كليته,1
كنصل,1
مايزين,1
تاكلها,1
تلوحي,1
وتاكليها,1
ديش,1
سبو,1
عبار,1
يضيعش,1
يعذب,1
نغلف,1
كنغل,1
عمني,1
غلفت,1
وحد,1
اطنا,1
عطيناه,1
زما,1
فالص,1
بالجوانب,1
بالوسط,1
تسهل,1
روبيني,1
تحلو,1
وتغلف,1
الفورن,1
وعودوا,1
الهذا,1
محيدين,1
اونج,1
تحيدي,1
جيليت,1
سطر,1
قادو,1
كفتنا,1
القنات,1
فشو,1
عوجه,1
تصوريني,1
مقاتل,1
كفح,1
طرك,1
مايوقع,1
الحوادث,1
كوقع,1
وتصوب,1
بروفيسيونال,1
تذب,1
مقطعش,1
الفنو,1
فقطع,1
حرات,1
فغير,1
تمسحيه,1
كيطير,1
تستعملي,1
السشوار,1
عويش,1
تقاد,1
تسرح,1
البارت,1
تحتكين,1
تخليي,1
ونتلاقى,1
كاركو,1
خيت,1
السبري,1
كانس,1
وسار,1
الماسك,1
مصبوغ,1
الشيه,1
بياش,1
بابوس,1
سويا,1
سو,1
ياهم,1
كومير,1
شعرهم,1
يستعملوه,1
كنستعملو,1
رخص,1
فع,1
ميلور,1
مسرس,1
المشط,1
الطيحان,1
فوالله,1
عراق,1
نستعملها,1
الكليس,1
خاصين,1
وعطوني,1
وارعه,1
عساك,1
فيكليس,1
اشعار,1
اليسيس,1
كيتسوني,1
مونات,1
ساقل,1
صداح,1
الغادي,1
وجاي,1
هت,1
شيه,1
واعرص,1
تصوب,1
تطيش,1
كيحي,1
كوكك,1
الشناف,1
ماشف,1
كير,1
المونج,1
شعرش,1
وصبي,1
شعركي,1
ترش,1
تشربيه,1
يسني,1
السيستم,1
واليت,1
ماحد,1
ماكتون,1
اسونس,1
المرضى,1
بزت,1
كنبقا,1
كساو,1
سيرق,1
تبداي,1
كتني,1
نسهم,1
لاليس,1
نعقل,1
غرد,1
نشوفهم,1
وتستعملها,1
شنيك,1
اساسيين,1
تستغناو,1
كجيش,1
الكرص,1
السكار,1
حيتى,1
كزيش,1
وتجمع,1
بالضروري,1
تعطيك,1
وديريه,1
سندويتشات,1
لدراري,1
وتكور,1
قريصه,1
تغطسو,1
نغطسها,1
البيك,1
تغسليها,1
تغلفيها,1
الكرس,1
وطيب,1
وتقدري,1
عطيتكم,1
كفكره,1
يبقو,1
مشاركها,1
والمالح,1
الملفايه,1
تورق,1
ملفاي,1
الكروس,1
نرمل,1
مثلث,1
وغا,1
محكوك,1
نزيدها,1
نعمرها,1
خلطوها,1
الشومبينيو,1
كويس,1
كضغط,1
ندهنها,1
ببيض,1
بتى,1
وعدوهم,1
تنتي,1
دورما,1
والخر,1
البتيخ,1
واجين,1
الماركيت,1
ونرجعها,1
صحابنا,1
لستارباكس,1
رايفين,1
صاي,1
حقيقيين,1
بيضتين,1
مفرقين,1
وكلينا,1
كرواس,1
ومربين,1
كول,1
شكال,1
الرمك,1
وطاحت,1
كرواسو,1
محلكم,1
البوتش,1
بنعناع,1
شغال,1
نشح,1
ريدو,1
خسرات,1
حيدات,1
طلعتها,1
فاضطريت,1
نمسح,1
خاميه,1
اللعيب,1
علىقبل,1
يدخلوش,1
مخليه,1
زج,1
كنابي,1
مشكن,1
البرودوي,1
بطلا,1
ماريحنيش,1
جاز,1
وكش,1
تفاديت,1
الكونتير,1
وتقيد,1
ماكنتيش,1
تعلقش,1
عفوش,1
متبعي,1
بسمه,1
متبعنيش,1
يكرك,1
ماتبعنيش,1
اكاذيب,1
تنتقد,1
رابحه,1
كتقولو,1
الدنوب,1
دارته,1
تخينا,1
كربح,1
يديروها,1
اليوتيوبر,1
سبونس,1
الاشهارات,1
مايدخلش,1
البلايص,1
ملايين,1
تخليني,1
يخليكم,1
سالير,1
ووحوش,1
لوحوا,1
فلوسهم,1
يتعذب,1
يربح,1
يتقبلوا,1
وخدمه,1
خدامي,1
يسترزقوا,1
اكيده,1
تدخليه,1
الط,1
مقروني,1
منظمين,1
تاكلوها,1
درج,1
لعشاء,1
للموضوع,1
جبدها,1
مطراش,1
نخترق,1
وبالعكس,1
تربينا,1
وتعرفني,1
كنسو,1
كعبر,1
ديو,1
تشوفوني,1
تنخلص,1
تتشك,1
لبزاف,1
الكفاح,1
كنخت,1
قص,1
كفله,1
يخترعوا,1
كتي,1
قهم,1
علقو,1
سوقي,1
تربات,1
اليوتوبر,1
اختلاف,1
بليز,1
وافل,1
للطريقه,1
زتها,1
مقادير,1
وتنقص,1
وتمرهم,1
حتىى,1
الماتريال,1
ويجيبوا,1
صاوبي,1
تقديه,1
كيموت,1
وبفرحه,1
هتي,1
ناقصاني,1
كحس,1
مستريس,1
كنع,1
كنغير,1
بروجي,1
ماينجح,1
البلانات,1
اضبطي,1
كونسون,1
بلانه,1
لحياته,1
مكافح,1
فربي,1
ورزقوا,1
عطاه,1
وكونوا,1
شرى,1
يمينا,1
كناخدو,1
ايجابيه,1
وتعجب,1
ونخلطها,1
وعندكم,1
الكارتونه,1
مسوده,1
نسكافي,1
نادره,1
زوقهم,1
راسكوم,1
لخوه,1
كتعاودوا,1
هانيين,1
وفرحانين,1
تسولوني,1
وتنظيف,1
الكليمه,1
كليمه,1
وكنجلسوا,1
كاناكله,1
والدراري,1
كيلعبوا,1
كيروبلوا,1
كا,1
يردوه,1
كتزعزع,1
والطبله,1
اصحاحين,1
تدوم,1
والفعايل,1
تاخد,1
الغامقه,1
كتلصقش,1
كيطلق,1
البيضين,1
والباقيه,1
كندخلهم,1
كيتجمعوا,1
وكنقدر,1
نصبن,1
بكونتيته,1
كيتصبنوا,1
كنتفرجوا,1
شفتوه,1
فرجعنا,1
عاوتفرجوا,1
توحشتكم,1
مصورك,1
وندوروا,1
توحشتوا,1
كيتباعوا,1
مقلمه,1
نشتري,1
نخشي,1
البريز,1
مازالاش,1
الشقى,1
ونوجد,1
تفوت,1
لكاع,1
والمصاب,1
المصور,1
كيصور,1
دورونا,1
سراونا,1
استقبال,1
ويحشموك,1
بالضيافه,1
راسو,1
بحتى,1
السليبي,1
وبالصابون,1
كنمسح,1
الستيلوش,1
محيح,1
الحيوطه,1
يلقاهم,1
الرزقار,1
فالستيوات,1
كنشد,1
المواعن,1
بعضياته,1
الفوطه,1
ميكرو,1
فايبر,1
للقدام,1
كيتحيد,1
تاع,1
تنقيها,1
تغلط,1
تعلمش,1
تصححش,1
ينقيو,1
كتوسخوا,1
تنقيو,1
كتسخفي,1
كتشدي,1
نقاو,1
نقيتهم,1
الجوايات,1
المخاد,1
يتصبنوا,1
نعطيكم,1
كتلقوا,1
كيشرط,1
المخيط,1
فكنستعملها,1
نستعملهم,1
محيده,1
القوه,1
غنستعملوا,1
نقولو,1
للمعجونه,1
كيتخلط,1
نعجن,1
نديرش,1
نفضل,1
جاريه,1
كيجينا,1
وكيجينا,1
منفوخ,1
برطيطه,1
ونخليهم,1
يخمروهم,1
خمرو,1
تضاعف,1
يخمروا,1
خاطرهم,1
كنخرجو,1
عشوائيا,1
تديرهم,1
ونديرهم,1
وكيجوا,1
مناسبين,1
وتديرهم,1
تخليهم,1
الفريكو,1
سندويتش,1
منوعه,1
كالفرماج,1
مضخم,1
وكنحط,1
نديروا,1
الطول,1
البرجر,1
مشرقون,1
فماش,1
لدرجي,1
التنفس,1
كيجيبوه,1
كيسالي,1
كيبدلوه,1
وجابت,1
جوندار,1
كنهدروش,1
هزيتها,1
فممكنش,1
نعزيهاش,1
فعزيناها,1
متواجدنا,1
حياتو,1
نهزيها,1
صدماتني,1
للروز,1
وكنخليه,1
عطرتها,1
كتسلق,1
نحكه,1
مشيناك,1
كنديرش,1
غانزيد,1
ندهنوا,1
ماركت,1
فحشومه,1
وكانصدق,1
حافز,1
بالحاشاكم,1
فهادشي,1
جاوا,1
ديالوها,1
اختياريل,1
بسوس,1
والصوص,1
خبيزه,1
اللوبيا,1
باقيه,1
كانو,1
الباترون,1
عقلتش,1
ننظم,1
عندو,1
نتعشاو,1
يخمر,1
الضامه,1
واستعملت,1
والخرقوم,1
سكينجبير,1
متجن,1
ضايف,1
كنسلق,1
خليتهاش,1
كنقلبها,1
خمر,1
الاقارب,1
كتعتبر,1
البلاطو,1
ستفت,1
كنستف,1
قلالين,1
يمكنليش,1
المرقزت,1
كنستعمله,1
نعاودوا,1
نصاوبوه,1
نصاوبه,1
كاينفع,1
طويسات,1
نكذبش,1
فكنحاولو,1
نقدموها,1
بالحمض,1
تعجبهمش,1
والخيار,1
كنحكوا,1
كنديروه,1
كلاوا,1
حطيناش,1
غاز,1
وهاديا,1
القصريه,1
الدافي,1
التوراق,1
البواطه,1
نورق,1
بعضياتو,1
مبين,1
كنعجن,1
كيزين,1
خذيتهم,1
غنكرصها,1
الكرواسه,1
نجبدها,1
الشناك,1
قضيتش,1
والكريم,1
وحراره,1
كنحطها,1
غنعاود,1
جانيش,1
درتهاش,1
مسرحه,1
تكثروش,1
الشنا,1
الكوفيتير,1
بوحديتها,1
كنجمعها,1
غتشوفوها,1
وديروها,1
بالميك,1
الساتو,1
وكندخل,1
ونتلاقا,1
نزلته,1
نشاركو,1
للكراء,1
تباعة,1
ومعقولين,1
وجديا,1
بأنهم,1
تلقاوه,1
شايفينهاش,1
يشتروا,1
تتباع,1
بالاثاث,1
تزادو,1
فاصلا,1
للي,1
تحتاجيش,1
تهبطي,1
طلبيه,1
بالكود,1
يتعطى,1
الحراسه,1
مامن,1
وبوليداتهم,1
وكيدوزو,1
طاج,1
اكو,1
طواليت,1
الطواليت,1
ليدوش,1
والتواليت,1
الطواليتات,1
الدوشات,1
وكيما,1
الطيراس,1
صغيوره,1
بحالوا,1
كتستعملوش,1
اغلبيتهم,1
فكتحتاجي,1
كتحتاجي,1
مكيبانش,1
كيخصني,1
كتكونش,1
مريومه,1
تدار,1
دريسينج,1
كيتوسخوا,1
كيسولوا,1
يقدرو,1
دوزوا,1
والشرافه,1
تحلوا,1
كيتحلوا,1
الخاميه,1
للشرجم,1
وكاينه,1
ترانكيل,1
تخميلو,1
تلفازه,1
الطاش,1
اصفر,1
وخرا,1
يخليوها,1
تجلسي,1
لابيسين,1
سيتي,1
بالطلبيات,1
كيجبوها,1
كنشرح,1
احلى,1
واحلى,1
ونتفاهموا,1
تكرات,1
واصلا,1
ومراته,1
كراوها,1
تكرفصت,1
بعضوش,1
كيستعملوش,1
كاتكون,1
الكراء,1
وكتقدري,1
وكيعاود,1
وكيرجع,1
كايرجع,1
الكانابي,1
تيساع,1
ماركه,1
تشلال,1
المؤقت,1
كيقرب,1
تعمريها,1
تخدميها,1
كتخدميها,1
دقيقهش,1
كارم,1
تباسل,1
للحويج,1
كتاخدوها,1
ميكروون,1
الكوكوط,1
صغارين,1
الطوست,1
الفورشات,1
تاخدوهم,1
قدامكم,1
كتشوفوها,1
بحراره,1
قبصه,1
والابيض,1
كتقدري,1
طحين,1
وكتبقى,1
زيدوه,1
فالعجين,1
تجنبوا,1
وتكرسوها,1
نجمعها,1
السخونيه,1
كنطلق,1
كانطلق,1
كتذوب,1
فهذه,1
صعبت,1
كرواسه,1
وتنال,1
الكلاسي,1
سرحتها,1
وغتجيني,1
ارتاحت,1
كنشكلها,1
وترتاح,1
وكتطلع,1
وكتضاعف,1
فغزلان,1
كومونتر,1
جاوبينا,1
للبيتيطي,1
وزيتون,1
ومليحه,1
كاشير,1
نديروه,1
غنمشيو,1
ونكملوا,1
باكيت,1
اللينك,1
متتبعين,1
بواطه,1
كتديري,1
كتاخديهم,1
نتيا,1
غيجيك,1
فلون,1
فاتحين,1
فاتحة,1
بلون,1
نركبوا,1
بغاوانتي,1
ناتوريل,1
الناتور,1
غنحاول,1
نحلهم,1
تختاروا,1
الشوف,1
دازوا,1
الجمارك,1
ركبتشي,1
رطبين,1
هادوك,1
مهمتي,1
كيبانو,1
بحل,1
كانتقلب,1
خديتو,1
عاجبين,1
الواعرين,1
كلاس,1
بلايص,1
المومو,1
كنشوفوش,1
بالعربيه,1
دقايق,1
البالكون,1
كنجلسوا,1
نجمعو,1
نشربو,1
قهيوه,1
اللوين,1
كنستعملها,1
الشتو,1
الصباغات,1
القريعه,1
قصير,1
تنقولو,1
يعطيش,1
مشعشع,1
المايكالور,1
شفتم,1
المايكالير,1
يسولوني,1
نبروز,1
السفينه,1
الهندسه,1
كرهتش,1
كيوقعوا,1
كايهضر,1
ونعطيك,1
الماما,1
عمت,1
كيقتل,1
الزينه,1
مكنخليهاش,1
وكانغسلها,1
كنغسل,1
سبقت,1
كنلصق,1
النهارات,1
تسنتش,1
دوزوش,1
ضعفيتي,1
تايلف,1
حوايجو,1
كيعاير,1
تنقصي,1
تضعفي,1
كتار,1
والاسباب,1
مريت,1
الغيث,1
اوجاع,1
وسرواجي,1
ونعست,1
براسو,1
وبالادويه,1
كيعطيوني,1
ومني,1
كيحلو,1
اللعيبهم,1
السيرومات,1
دوايات,1
كناخدوها,1
صيام,1
غنقول,1
تلبسها,1
تقدريش,1
تلبسي,1
كتقدريش,1
تلقاي,1
باغاه,1
كتلقاي,1
كايضرني,1
كيهمني,1
كايهمني,1
كتشوفها,1
كنشوفوا,1
فاصليه,1
غتقول,1
سعود,1
منقول,1
كيشوفوها,1
الغوز,1
كنعطيها,1
الاهتمام,1
غلطات,1
فادحين,1
الماكلهاش,1
لدعتني,1
الضروره,1
كنطيبش,1
نجنب,1
بالزفه,1
كتقطعي,1
مكيبقاش,1
بالزربه,1
الموكيتو,1
بنانه,1
لوحيها,1
وبنانه,1
وزيدي,1
وطحنيه,1
وشربيه,1
شبعانه,1
فكندير,1
كنحافظ,1
فبغيت,1
كنريح,1
توصلي,1
تضاعفي,1
كنضعف,1
ينقصوا,1
وكيبقى,1
للحمايه,1
كتاكلي,1
كتضربي,1
وتقيسي,1
يخسرش,1
مكتقدريش,1
كاتضعفيش,1
كتحرقي,1
كاينقص,1
كتحسيش,1
النقوس,1
النقوصات,1
تكمليه,1
كتديريه,1
تعبروا,1
للسيمانه,1
كتدوز,1
كيتحرقوا,1
وتراقبي,1
اشوف,1
كنحكمش,1
كيتعصبلو,1
كايتعصب,1
كتفتح,1
وكيولي,1
كتخليك,1
كيخربق,1
فشوفوا,1
ضراتكم,1
احتاجيتوها,1
بغيتوها,1
بالقوانين,1
مفروحه,1
حمقى,1
كنقدرش,1
فكنخربق,1
السيستام,1
كندعي,1
شوفو,1
يوصلني,1
بقره,1
باقر,1
لاطونسيون,1
نضعاف,1
نبارطاج,1
تفيد,1
عتقوني,1
نكونو,1
نفرتوا,1
نبارطاجيو,1
نعايرو,1
اساليب,1
عجباتك,1
سيستم,1
وكتعرف,1
نهضروا,1
ونوصلوا,1
بالاسلوب,1
نعايرك,1
وتقبلا,1
ونهضر,1
استفدتو,1
تسولوها,1
استعملتهم,1
فعالين,1
نشاركوا,1
وتكونوا,1
الوح,1
وكاس,1
ومعلقه,1
والصفر,1
وكاتنقطنه,1
نخلطو,1
الدوزان,1
كتعطيها,1
نقادها,1
ونديرها,1
فهاد,1
وخايبين,1
فشكل,1
للماركات,1
مشراش,1
والمول,1
نديوا,1
والعاب,1
واخدا,1
واخداه,1
وصحيح,1
كنقولوا,1
يركبه,1
الرزقه,1
كيركبه,1
كيركبها,1
فخده,1
خوتيني,1
كيعذبني,1
عذاب,1
الكاليته,1
الكلافي,1
الماوس,1
خذيت,1
وياكم,1
محييكم,1
لسه,1
مزاحمين,1
وللكيكه,1
نتاعي,1
فرقتها,1
وقسمت,1
معاهم,1
ونمشيو,1
ميساجات,1
وصاحبتي,1
بتركيا,1
يهبط,1
للاكتيفيتي,1
بعضينا,1
البارشي,1
كيديروا,1
كيطيروا,1
خفتني,1
ركبش,1
كانقولها,1
نتلاقاو,1
نفزكم,1
القهويين,1
بالحتياط,1
جايباه,1
فزك,1
الكحلين,1
كيجيهم,1
نقلبتهم,1
منو,1
ارتاحينا,1
كنجيو,1
وكنديروا,1
معقش,1
غسلتوش,1
مدوشه,1
بروجرام,1
الموف,1
طليله,1
نلبسها,1
وغني,1
بيتزا,1
نرتاحو,1
ونعطيو,1
غنهزو,1
ونشوفو,1
